latitude,longitude,elevation,utc_offset_seconds,timezone,timezone_abbreviation
-26.88928,-56.873596,167.0,0,GMT,GMT

time,temperature_2m (°C),relative_humidity_2m (%),dew_point_2m (°C),rain (mm),surface_pressure (hPa),wind_speed_10m (km/h),direct_radiation (W/m²)
2026-01-07T00:00,26.1,71,20.4,0.00,989.4,12.6,0.0
2026-01-07T01:00,25.7,72,20.3,0.00,990.0,13.7,0.0
2026-01-07T02:00,25.0,76,20.5,0.00,990.4,13.9,0.0
2026-01-07T03:00,24.5,79,20.6,0.00,990.6,13.8,0.0
2026-01-07T04:00,24.0,81,20.5,0.00,990.7,14.1,0.0
2026-01-07T05:00,23.6,83,20.6,0.00,990.7,13.7,0.0
2026-01-07T06:00,23.6,85,21.0,0.00,990.5,12.6,0.0
2026-01-07T07:00,23.3,86,20.8,0.00,990.5,11.3,0.0
2026-01-07T08:00,22.9,87,20.5,0.00,990.8,11.1,0.0
2026-01-07T09:00,22.5,88,20.5,0.00,991.4,11.6,0.0
2026-01-07T10:00,23.1,87,20.9,0.00,992.3,13.2,35.0
2026-01-07T11:00,24.9,84,21.9,0.00,992.7,13.2,191.0
2026-01-07T12:00,26.8,76,22.1,0.00,993.4,12.6,379.0
2026-01-07T13:00,28.6,70,22.5,0.00,993.6,13.2,432.0
2026-01-07T14:00,29.5,68,23.0,0.00,993.5,12.4,298.0
2026-01-07T15:00,31.0,65,23.7,0.00,993.2,15.0,865.0
2026-01-07T16:00,31.9,57,22.3,0.00,992.6,16.8,770.0
2026-01-07T17:00,30.1,66,23.0,0.20,992.6,12.3,620.0
2026-01-07T18:00,31.5,60,22.7,0.00,991.3,14.5,593.0
2026-01-07T19:00,31.9,54,21.5,0.40,990.7,10.9,456.0
2026-01-07T20:00,32.1,52,21.0,0.00,990.2,8.3,403.0
2026-01-07T21:00,31.5,57,22.0,0.00,989.9,5.9,256.0
2026-01-07T22:00,29.1,70,23.1,0.00,990.1,11.3,99.0
2026-01-07T23:00,27.1,77,22.8,0.00,990.7,9.3,15.0
2026-01-08T00:00,26.6,75,21.8,0.00,991.2,16.2,0.0
2026-01-08T01:00,25.9,78,21.8,0.00,991.6,13.9,0.0
2026-01-08T02:00,25.1,83,22.1,0.00,992.1,9.6,0.0
2026-01-08T03:00,24.2,92,22.8,0.00,992.5,10.7,0.0
2026-01-08T04:00,23.9,95,23.0,0.00,992.2,9.3,0.0
2026-01-08T05:00,23.5,93,22.4,0.00,992.2,17.3,0.0
2026-01-08T06:00,23.6,94,22.6,0.00,991.9,11.1,0.0
2026-01-08T07:00,23.1,95,22.2,0.00,991.8,10.7,0.0
2026-01-08T08:00,22.6,95,21.8,0.00,991.9,9.7,0.0
2026-01-08T09:00,22.2,95,21.4,0.00,992.3,8.4,0.0
2026-01-08T10:00,23.1,92,21.8,0.00,993.0,9.9,33.0
2026-01-08T11:00,25.1,88,23.0,0.00,993.4,9.0,188.0
2026-01-08T12:00,27.7,82,24.3,0.00,993.5,10.7,398.0
2026-01-08T13:00,29.7,73,24.4,0.00,993.2,13.3,599.0
2026-01-08T14:00,31.2,64,23.5,0.00,992.6,15.8,741.0
2026-01-08T15:00,30.2,66,23.0,0.80,992.6,16.4,810.0
2026-01-08T16:00,31.4,59,22.3,0.00,991.6,16.4,568.0
2026-01-08T17:00,31.5,58,22.2,0.30,991.1,15.2,391.0
2026-01-08T18:00,32.5,48,20.1,0.50,990.4,17.1,425.0
2026-01-08T19:00,31.9,53,21.2,0.00,990.5,10.4,243.0
2026-01-08T20:00,32.3,53,21.6,0.00,990.2,7.6,148.0
2026-01-08T21:00,30.1,68,23.7,0.50,989.6,5.6,29.0
2026-01-08T22:00,29.2,73,24.0,0.00,989.2,7.1,19.0
2026-01-08T23:00,28.0,69,21.6,0.00,989.3,10.9,0.0
2026-01-09T00:00,25.2,84,22.4,0.00,989.9,11.1,0.0
2026-01-09T01:00,25.1,84,22.3,0.00,990.0,14.1,0.0
2026-01-09T02:00,24.7,84,21.9,0.00,990.9,14.1,0.0
2026-01-09T03:00,24.2,85,21.6,0.00,990.6,18.1,0.0
2026-01-09T04:00,23.9,85,21.1,0.00,989.9,19.2,0.0
2026-01-09T05:00,23.5,85,20.9,0.00,988.9,14.7,0.0
2026-01-09T06:00,24.0,86,21.5,0.00,988.9,12.8,0.0
2026-01-09T07:00,23.6,85,20.9,0.10,988.7,12.8,0.0
2026-01-09T08:00,23.6,86,21.1,0.00,988.6,13.9,0.0
2026-01-09T09:00,23.5,89,21.5,0.00,988.9,13.9,0.0
2026-01-09T10:00,24.0,88,21.9,0.00,989.7,14.9,0.0
2026-01-09T11:00,25.0,84,22.2,0.00,990.0,16.7,3.0
2026-01-09T12:00,26.7,78,22.6,0.00,989.2,16.2,7.0
2026-01-09T13:00,28.0,76,23.3,0.00,989.7,14.8,30.0
2026-01-09T14:00,29.0,73,23.5,0.00,990.5,15.7,32.0
2026-01-09T15:00,29.1,72,23.5,0.00,990.3,15.5,2.0
2026-01-09T16:00,25.2,89,23.4,11.80,991.5,16.2,65.0
2026-01-09T17:00,25.2,90,23.5,2.20,991.1,7.5,3.0
2026-01-09T18:00,26.4,78,22.1,0.00,991.3,14.3,130.0
2026-01-09T19:00,24.9,88,22.6,3.30,991.0,7.3,15.0
2026-01-09T20:00,25.1,89,23.1,0.00,990.2,7.0,2.0
2026-01-09T21:00,24.9,90,23.1,0.00,990.0,11.9,11.0
2026-01-09T22:00,24.1,94,23.1,0.10,990.0,5.2,0.0
2026-01-09T23:00,23.6,96,23.0,0.00,990.1,3.4,0.0
2026-01-10T00:00,23.0,93,21.9,0.00,990.7,11.2,0.0
2026-01-10T01:00,22.2,96,21.5,0.00,990.3,8.1,0.0
2026-01-10T02:00,22.0,98,21.6,0.00,990.9,11.1,0.0
2026-01-10T03:00,21.9,98,21.5,0.00,990.6,7.7,0.0
2026-01-10T04:00,21.4,98,21.1,0.00,991.1,4.7,0.0
2026-01-10T05:00,21.2,98,21.0,0.00,990.5,1.1,0.0
2026-01-10T06:00,21.5,98,21.2,0.70,991.0,3.8,0.0
2026-01-10T07:00,21.4,99,21.3,1.30,990.8,3.4,0.0
2026-01-10T08:00,21.5,99,21.4,0.10,990.3,1.8,0.0
2026-01-10T09:00,21.0,100,20.9,0.00,990.5,3.5,0.0
2026-01-10T10:00,21.3,98,21.0,0.00,990.9,7.0,17.0
2026-01-10T11:00,22.3,92,21.0,0.00,991.4,4.9,72.0
2026-01-10T12:00,21.9,93,20.6,0.00,992.0,6.5,153.0
2026-01-10T13:00,21.8,96,21.1,0.80,992.5,10.9,0.0
2026-01-10T14:00,21.8,96,21.2,2.70,992.3,11.5,2.0
2026-01-10T15:00,22.4,96,21.6,2.40,992.2,11.6,8.0
2026-01-10T16:00,23.1,90,21.3,0.80,991.8,9.6,10.0
2026-01-10T17:00,23.3,91,21.8,1.10,991.0,12.0,48.0
2026-01-10T18:00,22.5,91,21.0,0.60,991.5,9.2,103.0
2026-01-10T19:00,23.9,83,20.9,0.10,990.5,10.1,62.0
2026-01-10T20:00,24.6,77,20.2,0.00,990.4,12.0,249.0
2026-01-10T21:00,24.8,74,19.9,0.00,989.5,12.6,202.0
2026-01-10T22:00,24.3,78,20.3,0.00,989.3,8.4,139.0
2026-01-10T23:00,22.8,84,20.0,0.00,989.8,6.7,16.0
2026-01-11T00:00,22.6,84,19.9,0.00,990.0,8.3,0.0
2026-01-11T01:00,22.2,86,19.8,0.00,990.6,7.6,0.0
2026-01-11T02:00,22.0,87,19.9,0.00,991.2,7.2,0.0
2026-01-11T03:00,21.8,88,19.6,0.10,991.1,9.0,0.0
2026-01-11T04:00,21.4,90,19.6,0.00,991.1,8.8,0.0
2026-01-11T05:00,20.8,93,19.5,0.00,990.9,10.8,0.0
2026-01-11T06:00,20.7,95,20.0,0.00,990.4,12.3,0.0
2026-01-11T07:00,20.2,96,19.6,0.00,990.5,11.0,0.0
2026-01-11T08:00,19.7,97,19.2,0.00,990.7,12.5,0.0
2026-01-11T09:00,19.3,97,18.9,0.00,991.4,16.3,0.0
2026-01-11T10:00,19.5,96,18.9,0.00,992.2,18.8,28.0
2026-01-11T11:00,20.1,91,18.5,0.00,992.6,20.1,143.0
2026-01-11T12:00,21.5,74,16.6,0.00,993.4,16.1,400.0
2026-01-11T13:00,22.4,64,15.3,0.00,993.8,19.2,613.0
2026-01-11T14:00,23.0,61,15.1,0.00,994.0,21.9,679.0
2026-01-11T15:00,22.9,63,15.5,0.00,994.0,21.3,137.0
2026-01-11T16:00,23.5,61,15.5,0.00,994.0,22.5,278.0
2026-01-11T17:00,23.9,60,15.6,0.00,993.4,22.8,183.0
2026-01-11T18:00,24.9,57,15.7,0.00,993.2,21.7,468.0
2026-01-11T19:00,25.1,54,15.1,0.00,992.9,18.4,378.0
2026-01-11T20:00,24.7,59,16.1,0.00,992.2,13.9,75.0
2026-01-11T21:00,24.6,61,16.6,0.00,991.9,11.6,111.0
2026-01-11T22:00,23.5,66,16.9,0.00,991.5,9.2,144.0
2026-01-11T23:00,21.3,74,16.5,0.00,991.6,6.3,17.0
2026-01-12T00:00,21.0,75,16.4,0.00,992.5,5.0,0.0
2026-01-12T01:00,20.7,76,16.4,0.00,993.1,4.3,0.0
2026-01-12T02:00,20.0,78,16.0,0.00,993.2,5.0,0.0
2026-01-12T03:00,19.6,79,15.9,0.00,993.2,6.3,0.0
2026-01-12T04:00,19.0,82,15.9,0.00,992.9,6.1,0.0
2026-01-12T05:00,18.5,85,15.9,0.00,992.4,6.5,0.0
2026-01-12T06:00,18.4,87,16.2,0.00,992.6,7.2,0.0
2026-01-12T07:00,18.3,86,15.9,0.00,992.2,7.0,0.0
2026-01-12T08:00,18.2,84,15.5,0.00,992.2,7.1,0.0
2026-01-12T09:00,18.2,82,15.1,0.00,992.6,7.7,0.0
2026-01-12T10:00,19.4,79,15.7,0.00,993.4,9.9,30.0
2026-01-12T11:00,21.2,80,17.5,0.00,994.1,9.6,187.0
2026-01-12T12:00,23.9,72,18.5,0.00,994.4,10.1,400.0
2026-01-12T13:00,25.6,62,17.8,0.00,994.6,9.7,609.0
2026-01-12T14:00,26.6,58,17.6,0.00,994.5,6.2,782.0
2026-01-12T15:00,27.5,56,17.9,0.00,994.6,3.2,904.0
2026-01-12T16:00,28.4,52,17.5,0.00,994.1,2.8,874.0
2026-01-12T17:00,28.8,49,17.0,0.00,993.4,3.2,525.0
2026-01-12T18:00,29.4,46,16.6,0.00,992.8,5.4,378.0
2026-01-12T19:00,29.7,46,16.9,0.00,992.2,5.0,508.0
2026-01-12T20:00,29.5,47,17.0,0.00,991.5,5.7,427.0
2026-01-12T21:00,28.5,54,18.3,0.00,990.9,7.8,265.0
2026-01-12T22:00,26.7,67,20.1,0.00,990.8,5.5,134.0
2026-01-12T23:00,25.0,69,18.9,0.00,991.1,1.2,18.0
2026-01-13T00:00,23.9,70,18.0,0.00,991.3,3.6,0.0
2026-01-13T01:00,23.0,78,18.9,0.00,991.8,5.3,0.0
2026-01-13T02:00,22.6,78,18.6,0.00,992.0,6.0,0.0
2026-01-13T03:00,22.8,73,17.8,0.00,992.0,6.5,0.0
2026-01-13T04:00,22.6,68,16.5,0.00,991.7,5.6,0.0
2026-01-13T05:00,21.5,72,16.1,0.00,991.4,6.5,0.0
2026-01-13T06:00,20.6,77,16.5,0.00,991.2,6.4,0.0
2026-01-13T07:00,20.0,81,16.5,0.00,990.9,6.7,0.0
2026-01-13T08:00,20.2,79,16.4,0.00,991.2,5.4,0.0
2026-01-13T09:00,19.6,83,16.5,0.00,991.5,5.9,0.0
2026-01-13T10:00,20.5,84,17.7,0.00,992.4,6.0,30.0
2026-01-13T11:00,23.0,80,19.3,0.00,993.0,3.2,186.0
2026-01-13T12:00,25.5,71,19.9,0.00,993.4,3.3,400.0
2026-01-13T13:00,27.3,65,20.0,0.00,993.9,5.1,609.0
2026-01-13T14:00,28.5,56,19.0,0.00,994.0,5.7,784.0
2026-01-13T15:00,29.1,53,18.5,0.00,993.9,5.4,907.0
2026-01-13T16:00,29.7,51,18.5,0.00,993.5,4.5,962.0
2026-01-13T17:00,30.1,50,18.5,0.00,993.2,4.1,947.0
2026-01-13T18:00,30.5,49,18.7,0.00,992.4,5.5,833.0
2026-01-13T19:00,30.8,50,19.1,0.00,991.7,5.6,681.0
2026-01-13T20:00,30.6,50,18.9,0.00,991.1,4.9,531.0
2026-01-13T21:00,30.0,53,19.2,0.00,990.5,6.5,344.0
2026-01-13T22:00,28.0,68,21.6,0.00,990.4,5.1,160.0
2026-01-13T23:00,24.9,77,20.5,0.00,990.8,5.3,19.0
2026-01-14T00:00,24.6,65,17.6,0.00,991.7,10.5,0.0
2026-01-14T01:00,24.5,66,17.8,0.00,992.3,9.7,0.0
2026-01-14T02:00,24.0,68,17.9,0.00,992.8,8.4,0.0
2026-01-14T03:00,23.0,72,17.6,0.00,993.0,6.5,0.0
2026-01-14T04:00,22.5,75,17.8,0.00,993.0,7.1,0.0
2026-01-14T05:00,22.1,78,18.1,0.00,992.8,7.0,0.0
2026-01-14T06:00,21.7,85,19.0,0.00,992.1,6.3,0.0
2026-01-14T07:00,21.4,86,19.0,0.00,992.0,7.5,0.0
2026-01-14T08:00,21.2,86,18.8,0.00,992.1,7.7,0.0
2026-01-14T09:00,20.8,86,18.5,0.00,992.3,7.8,0.0
2026-01-14T10:00,21.5,85,19.0,0.00,993.0,10.0,29.0
2026-01-14T11:00,23.9,81,20.5,0.00,994.0,9.1,187.0
2026-01-14T12:00,26.1,77,21.8,0.00,994.2,7.8,402.0
2026-01-14T13:00,28.4,68,21.9,0.00,994.2,9.7,610.0
2026-01-14T14:00,29.9,60,21.1,0.00,994.2,12.9,781.0
2026-01-14T15:00,31.1,49,19.3,0.00,993.7,12.8,848.0
2026-01-14T16:00,31.8,47,19.0,0.00,993.1,12.0,857.0
2026-01-14T17:00,32.0,46,18.8,0.00,992.3,10.6,676.0
2026-01-14T18:00,32.5,43,18.5,0.00,991.8,7.6,811.0
2026-01-14T19:00,32.7,42,18.0,0.00,990.9,3.6,532.0
2026-01-14T20:00,32.5,42,18.0,0.00,989.9,3.6,436.0
2026-01-14T21:00,31.8,49,19.7,0.00,989.2,3.2,288.0
2026-01-14T22:00,29.9,65,22.6,0.00,988.8,3.3,106.0
2026-01-14T23:00,27.0,73,21.8,0.00,989.3,6.4,9.0
2026-01-15T00:00,26.2,71,20.5,0.00,989.0,7.6,0.0
2026-01-15T01:00,26.5,70,20.5,0.00,989.8,9.0,0.0
2026-01-15T02:00,25.5,75,20.7,0.00,990.4,7.5,0.0
2026-01-15T03:00,25.2,71,19.7,0.00,990.5,12.0,0.0
2026-01-15T04:00,24.8,70,19.0,0.00,990.4,11.2,0.0
2026-01-15T05:00,24.1,73,19.1,0.00,990.2,11.9,0.0
2026-01-15T06:00,23.7,78,19.6,0.00,990.0,10.8,0.0
2026-01-15T07:00,23.5,77,19.2,0.00,989.7,11.1,0.0
2026-01-15T08:00,23.1,77,18.9,0.00,990.1,11.3,0.0
2026-01-15T09:00,22.8,78,18.8,0.00,990.5,11.1,0.0
2026-01-15T10:00,23.2,80,19.5,0.00,991.0,13.3,26.0
2026-01-15T11:00,25.0,80,21.4,0.00,991.8,13.4,177.0
2026-01-15T12:00,27.5,73,22.3,0.00,991.5,15.1,387.0
2026-01-15T13:00,29.4,70,23.2,0.00,992.0,15.2,575.0
2026-01-15T14:00,30.9,66,23.8,0.00,991.9,17.4,690.0
2026-01-15T15:00,32.0,62,23.8,0.00,991.7,18.2,825.0
2026-01-15T16:00,32.5,59,23.5,0.00,991.5,18.8,605.0
2026-01-15T17:00,32.5,59,23.4,0.00,991.1,18.3,614.0
2026-01-15T18:00,33.0,56,23.1,0.00,990.1,16.9,700.0
2026-01-15T19:00,30.8,66,23.7,0.00,990.1,17.5,529.0
2026-01-15T20:00,31.5,61,23.1,0.00,989.2,12.8,293.0
2026-01-15T21:00,31.2,62,23.2,0.00,988.7,11.6,254.0
2026-01-15T22:00,30.2,70,24.0,0.00,989.3,5.2,78.0
2026-01-15T23:00,29.0,70,22.9,0.00,989.7,7.0,3.0
2026-01-16T00:00,28.8,67,22.1,0.00,989.4,9.0,0.0
2026-01-16T01:00,28.3,70,22.2,0.00,990.8,9.5,0.0
2026-01-16T02:00,27.7,71,22.0,0.00,991.5,11.7,0.0
2026-01-16T03:00,27.2,74,22.1,0.00,991.7,11.8,0.0
2026-01-16T04:00,26.9,76,22.2,0.00,991.7,12.6,0.0
2026-01-16T05:00,26.5,77,22.0,0.00,991.5,12.5,0.0
2026-01-16T06:00,25.8,78,21.7,0.00,990.6,13.3,0.0
2026-01-16T07:00,25.2,79,21.4,0.00,990.4,13.2,0.0
2026-01-16T08:00,25.0,79,21.2,0.00,990.7,10.7,0.0
2026-01-16T09:00,24.8,81,21.3,0.00,991.2,9.4,0.0
2026-01-16T10:00,24.9,83,21.7,0.00,992.3,9.8,0.0
2026-01-16T11:00,25.5,82,22.3,0.00,993.2,10.7,0.0
2026-01-16T12:00,25.5,88,23.4,4.20,994.0,9.7,4.0
2026-01-16T13:00,23.1,96,22.5,4.30,995.8,14.1,7.0
2026-01-16T14:00,23.5,94,22.4,1.60,994.4,3.4,0.0
2026-01-16T15:00,25.5,90,23.7,2.10,994.8,5.5,11.0
2026-01-16T16:00,25.1,96,24.5,0.80,994.8,11.8,0.0
2026-01-16T17:00,26.0,91,24.4,0.60,994.5,11.8,36.0
2026-01-16T18:00,26.8,90,25.0,0.20,993.3,11.1,8.0
2026-01-16T19:00,27.8,82,24.5,0.00,992.5,9.4,56.0
2026-01-16T20:00,27.8,80,24.0,0.00,992.5,9.0,69.0
2026-01-16T21:00,27.5,80,23.8,0.00,991.6,8.3,59.0
2026-01-16T22:00,26.8,83,23.8,0.00,991.5,10.1,15.0
2026-01-16T23:00,25.5,84,22.6,0.00,991.8,11.8,5.0
2026-01-17T00:00,24.6,84,21.8,0.00,992.7,10.5,0.0
2026-01-17T01:00,24.6,84,21.8,0.00,992.7,13.2,0.0
2026-01-17T02:00,24.7,84,21.8,0.00,993.1,14.7,0.0
2026-01-17T03:00,24.2,84,21.4,0.00,992.9,12.3,0.0
2026-01-17T04:00,23.7,86,21.3,0.00,992.8,9.9,0.0
2026-01-17T05:00,23.3,88,21.2,0.00,992.5,9.1,0.0
2026-01-17T06:00,23.4,86,21.0,0.00,991.5,11.7,0.0
2026-01-17T07:00,23.1,89,21.2,0.00,990.6,11.9,0.0
2026-01-17T08:00,22.8,92,21.5,0.00,990.5,11.6,0.0
2026-01-17T09:00,22.9,93,21.6,0.00,990.9,10.0,0.0
2026-01-17T10:00,23.3,92,21.9,0.00,991.1,10.3,13.0
2026-01-17T11:00,24.8,88,22.6,0.00,991.5,6.1,130.0
2026-01-17T12:00,25.5,84,22.6,0.00,992.2,10.0,18.0
2026-01-17T13:00,26.3,82,22.9,0.00,992.3,3.6,116.0
2026-01-17T14:00,27.1,78,23.0,0.10,992.2,6.2,195.0
2026-01-17T15:00,25.5,88,23.4,0.50,991.9,11.4,0.0
2026-01-17T16:00,24.6,89,22.8,0.70,991.6,14.6,0.0
2026-01-17T17:00,25.1,89,23.3,0.90,990.6,11.7,44.0
2026-01-17T18:00,28.6,74,23.6,0.20,990.2,13.0,214.0
2026-01-17T19:00,26.6,84,23.8,0.50,989.6,13.0,247.0
2026-01-17T20:00,28.0,78,23.9,0.00,988.3,3.1,442.0
2026-01-17T21:00,28.2,76,23.7,0.00,988.1,1.5,248.0
2026-01-17T22:00,27.6,81,24.1,0.00,988.1,2.6,144.0
2026-01-17T23:00,25.3,93,24.0,0.00,988.4,3.5,17.0
2026-01-18T00:00,25.5,94,24.4,0.00,988.2,5.3,0.0
2026-01-18T01:00,25.5,92,24.1,0.00,989.0,8.1,0.0
2026-01-18T02:00,25.1,90,23.4,0.00,989.5,7.2,0.0
2026-01-18T03:00,24.9,90,23.0,0.00,989.5,7.7,0.0
2026-01-18T04:00,24.6,90,22.9,0.00,989.0,7.2,0.0
2026-01-18T05:00,24.0,91,22.5,1.10,989.3,4.2,0.0
2026-01-18T06:00,22.8,97,22.2,0.70,989.9,12.7,0.0
2026-01-18T07:00,23.1,95,22.2,0.20,989.2,5.2,0.0
2026-01-18T08:00,22.9,96,22.2,0.00,989.0,6.1,0.0
2026-01-18T09:00,22.5,97,21.9,0.00,989.1,8.7,0.0
2026-01-18T10:00,22.8,96,22.2,0.00,989.6,12.8,20.0
2026-01-18T11:00,23.9,92,22.5,0.00,989.8,10.9,127.0
2026-01-18T12:00,26.1,90,24.5,0.00,991.1,12.8,301.0
2026-01-18T13:00,26.7,80,23.0,0.00,991.0,12.1,491.0
2026-01-18T14:00,28.8,75,23.9,0.00,991.1,4.2,630.0
2026-01-18T15:00,30.1,71,24.2,0.00,991.1,3.4,698.0
2026-01-18T16:00,30.4,72,24.7,0.00,990.7,6.3,855.0
2026-01-18T17:00,26.9,84,23.9,4.40,990.6,7.4,630.0
2026-01-18T18:00,30.8,66,23.8,0.00,988.6,7.7,628.0
2026-01-18T19:00,31.1,58,22.0,0.00,988.0,11.1,630.0
2026-01-18T20:00,31.1,55,21.0,0.00,987.7,14.7,523.0
2026-01-18T21:00,29.6,64,22.0,0.00,988.1,19.1,307.0
2026-01-18T22:00,28.0,74,23.0,0.00,988.7,14.8,120.0
2026-01-18T23:00,26.9,77,22.5,0.00,989.5,13.8,2.0
2026-01-19T00:00,27.1,70,21.1,0.00,990.6,9.9,0.0
2026-01-19T01:00,26.5,73,21.4,0.00,991.3,12.1,0.0
2026-01-19T02:00,26.4,74,21.5,0.00,991.8,12.4,0.0
2026-01-19T03:00,26.1,71,20.5,0.00,991.7,15.5,0.0
2026-01-19T04:00,25.8,67,19.1,0.00,991.6,16.9,0.0
2026-01-19T05:00,25.5,64,18.3,0.00,991.5,19.1,0.0
2026-01-19T06:00,24.7,70,18.9,0.00,991.1,18.9,0.0
2026-01-19T07:00,23.9,74,19.0,0.00,991.3,18.1,0.0
2026-01-19T08:00,23.0,80,19.4,0.00,991.7,18.2,0.0
2026-01-19T09:00,22.5,83,19.5,0.00,992.5,17.3,0.0
2026-01-19T10:00,22.4,82,19.2,0.00,993.5,18.0,19.0
2026-01-19T11:00,23.1,79,19.3,0.00,994.3,19.5,169.0
2026-01-19T12:00,23.9,74,19.0,0.00,995.5,22.2,374.0
2026-01-19T13:00,24.9,71,19.2,0.00,995.8,21.5,571.0
2026-01-19T14:00,26.0,67,19.5,0.00,995.9,19.5,744.0
2026-01-19T15:00,27.0,65,19.7,0.00,995.9,19.3,871.0
2026-01-19T16:00,27.5,63,19.8,0.00,995.6,20.0,894.0
2026-01-19T17:00,27.6,61,19.3,0.00,995.1,20.3,853.0
2026-01-19T18:00,28.0,57,18.6,0.00,994.7,19.9,787.0
2026-01-19T19:00,27.8,56,18.2,0.00,993.8,20.8,726.0
2026-01-19T20:00,27.2,54,17.1,0.00,993.0,20.4,551.0
2026-01-19T21:00,26.5,56,17.0,0.00,992.8,17.6,377.0
2026-01-19T22:00,25.0,60,16.6,0.00,992.7,15.9,165.0
2026-01-19T23:00,23.6,60,15.4,0.00,993.1,15.3,19.0
2026-01-20T00:00,22.5,62,14.7,0.00,993.7,14.0,0.0
2026-01-20T01:00,22.2,60,14.0,0.00,994.3,16.7,0.0
2026-01-20T02:00,22.0,62,14.2,0.00,994.9,18.5,0.0
2026-01-20T03:00,21.2,65,14.5,0.00,994.9,17.4,0.0
2026-01-20T04:00,20.5,68,14.5,0.00,994.5,15.7,0.0
2026-01-20T05:00,19.9,72,14.6,0.00,994.3,15.0,0.0
2026-01-20T06:00,19.0,76,14.8,0.00,993.7,14.2,0.0
2026-01-20T07:00,18.1,80,14.6,0.00,993.5,13.4,0.0
2026-01-20T08:00,17.5,82,14.4,0.00,993.5,13.1,0.0
2026-01-20T09:00,17.0,83,14.0,0.00,994.0,13.8,0.0
2026-01-20T10:00,17.2,82,14.1,0.00,995.0,14.8,24.0
2026-01-20T11:00,18.9,77,14.8,0.00,995.6,15.2,180.0
2026-01-20T12:00,20.9,70,15.3,0.00,995.6,15.4,401.0
2026-01-20T13:00,22.4,68,16.2,0.00,995.7,13.8,617.0
2026-01-20T14:00,24.0,64,16.8,0.00,995.7,13.4,797.0
2026-01-20T15:00,25.2,57,16.2,0.00,995.6,14.0,925.0
2026-01-20T16:00,26.1,53,15.9,0.00,995.0,13.3,990.0
2026-01-20T17:00,26.5,51,15.7,0.00,994.4,13.6,987.0
2026-01-20T18:00,26.9,50,15.6,0.00,994.0,14.6,916.0
2026-01-20T19:00,27.0,48,15.2,0.00,993.4,13.8,785.0
2026-01-20T20:00,26.8,48,14.9,0.00,992.8,13.5,603.0
2026-01-20T21:00,26.1,53,15.8,0.00,992.3,11.1,386.0
2026-01-20T22:00,24.5,63,17.1,0.00,992.1,8.1,167.0
2026-01-20T23:00,22.8,65,15.9,0.00,992.1,9.4,19.0
2026-01-21T00:00,22.1,65,15.2,0.00,992.6,9.6,0.0
2026-01-21T01:00,22.0,64,14.8,0.00,993.1,12.3,0.0
2026-01-21T02:00,21.5,69,15.4,0.00,993.3,14.7,0.0
2026-01-21T03:00,21.1,71,15.6,0.00,993.4,16.9,0.0
2026-01-21T04:00,20.7,74,15.9,0.00,993.3,17.0,0.0
2026-01-21T05:00,20.4,75,15.8,0.00,993.0,16.1,0.0
2026-01-21T06:00,19.8,75,15.2,0.00,992.5,15.9,0.0
2026-01-21T07:00,19.1,76,14.8,0.00,992.5,15.0,0.0
2026-01-21T08:00,18.6,78,14.6,0.00,992.6,14.5,0.0
2026-01-21T09:00,18.3,79,14.6,0.00,993.0,14.0,0.0
2026-01-21T10:00,18.5,79,14.9,0.00,993.6,13.8,21.0
2026-01-21T11:00,20.1,76,15.7,0.00,993.9,13.1,170.0
2026-01-21T12:00,22.8,67,16.4,0.00,994.1,13.0,385.0
2026-01-21T13:00,24.4,63,16.9,0.00,994.2,12.1,577.0
2026-01-21T14:00,26.1,61,17.9,0.00,994.0,10.0,748.0
2026-01-21T15:00,27.6,59,18.9,0.00,993.9,7.8,900.0
2026-01-21T16:00,28.9,53,18.4,0.00,993.5,2.9,948.0
2026-01-21T17:00,29.4,49,17.6,0.00,993.0,3.8,751.0
2026-01-21T18:00,29.7,48,17.6,0.00,992.4,8.3,792.0
2026-01-21T19:00,29.6,49,17.8,0.00,991.8,10.1,687.0
2026-01-21T20:00,29.1,51,17.9,0.00,991.4,13.0,551.0
2026-01-21T21:00,28.1,56,18.6,0.00,991.1,13.0,361.0
2026-01-21T22:00,26.6,63,18.9,0.00,991.2,9.0,158.0
2026-01-21T23:00,24.7,65,17.7,0.00,991.4,7.3,18.0
2026-01-22T00:00,23.9,58,15.1,0.00,991.4,7.7,0.0
2026-01-22T01:00,23.5,55,13.9,0.00,991.8,8.1,0.0
2026-01-22T02:00,23.4,58,14.6,0.00,992.1,13.1,0.0
2026-01-22T03:00,22.7,70,16.9,0.00,992.3,10.6,0.0
2026-01-22T04:00,21.9,76,17.4,0.00,992.3,8.3,0.0
2026-01-22T05:00,21.2,80,17.5,0.00,992.0,7.9,0.0
2026-01-22T06:00,20.5,84,17.7,0.00,991.8,6.3,0.0
2026-01-22T07:00,20.0,87,17.7,0.00,991.9,5.8,0.0
2026-01-22T08:00,19.8,88,17.8,0.00,992.1,6.1,0.0
2026-01-22T09:00,19.5,89,17.6,0.00,992.6,6.3,0.0
2026-01-22T10:00,20.5,86,18.1,0.00,993.4,10.0,19.0
2026-01-22T11:00,22.7,83,19.6,0.00,994.3,9.2,162.0
2026-01-22T12:00,25.5,76,20.9,0.00,994.4,10.6,365.0
2026-01-22T13:00,27.4,67,20.8,0.00,994.7,11.7,583.0
2026-01-22T14:00,28.8,61,20.5,0.00,994.7,13.7,759.0
2026-01-22T15:00,29.7,52,18.9,0.00,994.5,12.7,760.0
2026-01-22T16:00,30.5,48,18.2,0.00,994.3,9.9,780.0
2026-01-22T17:00,30.9,46,17.9,0.00,993.9,8.0,747.0
2026-01-22T18:00,31.5,42,17.0,0.00,993.0,4.9,767.0
2026-01-22T19:00,31.8,41,17.0,0.00,992.3,3.6,657.0
2026-01-22T20:00,31.6,41,16.8,0.00,991.8,5.1,520.0
2026-01-22T21:00,30.9,47,18.1,0.00,991.4,6.5,346.0
2026-01-22T22:00,28.9,60,20.4,0.00,991.2,5.7,152.0
2026-01-22T23:00,26.1,65,19.0,0.00,991.4,6.2,17.0
2026-01-23T00:00,25.9,62,18.0,0.00,991.8,7.7,0.0
2026-01-23T01:00,25.5,64,18.0,0.00,992.5,9.2,0.0
2026-01-23T02:00,25.0,63,17.3,0.00,993.0,8.7,0.0
2026-01-23T03:00,23.8,63,16.2,0.00,993.2,7.3,0.0
2026-01-23T04:00,22.6,70,16.9,0.00,993.0,6.3,0.0
2026-01-23T05:00,22.1,72,16.9,0.00,992.9,5.9,0.0
2026-01-23T06:00,22.0,75,17.3,0.00,992.7,7.1,0.0
2026-01-23T07:00,21.2,78,17.2,0.00,992.9,9.0,0.0
2026-01-23T08:00,20.9,79,17.0,0.00,993.3,8.1,0.0
2026-01-23T09:00,20.5,79,16.8,0.00,993.7,7.7,0.0
2026-01-23T10:00,21.0,77,17.0,0.00,994.3,9.9,19.0
2026-01-23T11:00,23.1,76,18.6,0.00,994.8,10.5,162.0
2026-01-23T12:00,25.9,66,19.1,0.00,995.7,8.5,376.0
2026-01-23T13:00,27.9,60,19.5,0.00,996.1,12.6,583.0
2026-01-23T14:00,29.5,53,19.0,0.00,996.0,12.4,754.0
2026-01-23T15:00,30.8,45,17.6,0.00,995.7,9.5,857.0
2026-01-23T16:00,31.5,43,17.3,0.00,995.6,6.1,707.0
2026-01-23T17:00,31.8,42,17.1,0.00,994.9,6.2,617.0
2026-01-23T18:00,32.0,42,17.5,0.00,994.3,6.5,592.0
2026-01-23T19:00,32.0,42,17.5,0.00,993.7,8.7,648.0
2026-01-23T20:00,31.5,42,17.1,0.00,993.0,9.8,497.0
2026-01-23T21:00,31.0,46,18.1,0.00,992.5,6.9,343.0
2026-01-23T22:00,29.1,56,19.4,0.00,992.1,6.8,136.0
2026-01-23T23:00,26.8,55,16.9,0.00,992.2,6.9,15.0
2026-01-24T00:00,25.1,59,16.5,0.00,992.4,6.9,0.0
2026-01-24T01:00,24.8,59,16.1,0.00,992.8,7.5,0.0
2026-01-24T02:00,23.9,61,15.9,0.00,993.1,6.7,0.0
2026-01-24T03:00,23.8,61,15.9,0.00,993.2,9.1,0.0
2026-01-24T04:00,23.0,65,16.0,0.00,993.0,9.2,0.0
2026-01-24T05:00,22.1,67,15.8,0.00,992.4,7.4,0.0
2026-01-24T06:00,21.4,71,16.0,0.00,992.2,8.5,0.0
2026-01-24T07:00,20.7,74,15.9,0.00,992.4,9.9,0.0
2026-01-24T08:00,20.5,74,15.6,0.00,992.7,10.0,0.0
2026-01-24T09:00,20.0,75,15.5,0.00,993.0,9.0,0.0
2026-01-24T10:00,20.6,76,16.2,0.00,993.8,8.7,16.0
2026-01-24T11:00,23.5,71,18.0,0.00,994.3,10.0,163.0
2026-01-24T12:00,26.5,65,19.5,0.00,994.4,6.2,381.0
2026-01-24T13:00,28.1,59,19.2,0.00,995.1,11.6,593.0
2026-01-24T14:00,29.4,52,18.6,0.00,995.1,10.9,759.0
2026-01-24T15:00,31.0,42,16.5,0.00,995.0,10.7,895.0
2026-01-24T16:00,32.0,37,15.2,0.00,994.6,8.0,960.0
2026-01-24T17:00,32.5,35,14.9,0.00,993.8,6.2,955.0
2026-01-24T18:00,32.8,35,15.4,0.00,992.9,9.5,768.0
2026-01-24T19:00,32.3,35,14.8,0.00,992.5,10.1,657.0
2026-01-24T20:00,32.0,36,15.2,0.00,992.1,7.0,329.0
2026-01-24T21:00,31.0,51,19.6,0.00,991.8,4.7,103.0
2026-01-24T22:00,28.9,61,20.5,0.00,992.1,7.3,31.0
2026-01-24T23:00,27.2,51,16.3,0.00,992.0,12.1,3.0
2026-01-25T00:00,26.0,61,17.8,0.00,992.6,7.7,0.0
2026-01-25T01:00,25.9,60,17.6,0.00,992.8,9.4,0.0
2026-01-25T02:00,25.7,58,16.9,0.00,993.2,9.7,0.0
2026-01-25T03:00,25.0,61,17.0,0.00,993.5,8.4,0.0
2026-01-25T04:00,24.0,68,17.8,0.00,993.3,6.1,0.0
2026-01-25T05:00,23.4,70,17.6,0.00,992.8,4.9,0.0
2026-01-25T06:00,22.7,74,17.8,0.00,993.0,8.1,0.0
2026-01-25T07:00,22.5,76,18.1,0.00,992.9,7.6,0.0
2026-01-25T08:00,22.1,78,18.0,0.00,993.0,8.5,0.0
2026-01-25T09:00,21.5,79,17.8,0.00,993.3,7.7,0.0
2026-01-25T10:00,22.2,77,18.0,0.00,994.2,9.9,12.0
2026-01-25T11:00,24.3,74,19.3,0.00,994.6,10.7,135.0
2026-01-25T12:00,26.8,67,20.2,0.00,994.7,10.1,363.0
2026-01-25T13:00,28.9,58,19.9,0.00,994.8,12.0,579.0
2026-01-25T14:00,30.6,55,20.4,0.00,994.8,12.0,759.0
2026-01-25T15:00,32.4,42,18.0,0.00,994.6,12.7,890.0
2026-01-25T16:00,33.2,37,16.6,0.00,994.4,13.9,882.0
2026-01-25T17:00,33.7,35,16.0,0.00,993.9,12.3,900.0
2026-01-25T18:00,33.6,34,15.8,0.00,993.1,10.1,739.0
2026-01-25T19:00,33.9,33,15.4,0.00,992.3,9.0,521.0
2026-01-25T20:00,32.8,43,18.5,0.00,991.8,8.7,121.0
2026-01-25T21:00,31.8,46,18.8,0.00,991.3,11.5,107.0
2026-01-25T22:00,30.1,45,16.9,0.00,991.2,12.0,88.0
2026-01-25T23:00,29.1,42,14.7,0.00,991.0,11.1,14.0
2026-01-26T00:00,27.4,48,15.3,0.00,991.6,8.4,0.0
2026-01-26T01:00,26.6,50,15.3,0.00,991.6,8.3,0.0
2026-01-26T02:00,26.3,53,15.9,0.00,992.2,11.6,0.0
2026-01-26T03:00,25.5,61,17.5,0.00,992.1,11.8,0.0
2026-01-26T04:00,24.8,65,17.8,0.00,991.9,10.6,0.0
2026-01-26T05:00,24.0,68,17.8,0.00,991.5,9.6,0.0
2026-01-26T06:00,23.9,73,18.8,0.00,991.3,10.8,0.0
2026-01-26T07:00,23.3,75,18.7,0.00,991.1,10.9,0.0
2026-01-26T08:00,22.9,76,18.5,0.00,991.5,9.6,0.0
2026-01-26T09:00,22.8,76,18.4,0.00,992.4,8.5,0.0
2026-01-26T10:00,23.4,76,18.8,0.00,993.3,11.1,15.0
2026-01-26T11:00,25.2,74,20.3,0.00,993.9,12.1,150.0
2026-01-26T12:00,27.9,64,20.5,0.00,994.4,10.1,356.0
2026-01-26T13:00,30.1,58,21.0,0.00,994.4,11.8,561.0
2026-01-26T14:00,31.9,53,21.1,0.00,994.5,14.4,739.0
2026-01-26T15:00,33.4,45,19.9,0.00,994.3,19.3,868.0
2026-01-26T16:00,33.3,44,19.4,0.00,994.1,19.0,693.0
2026-01-26T17:00,33.9,42,19.2,0.00,993.8,14.1,799.0
2026-01-26T18:00,34.2,42,19.4,0.00,993.2,11.8,655.0
2026-01-26T19:00,34.2,42,19.4,0.00,992.5,10.0,616.0
2026-01-26T20:00,33.8,42,19.2,0.00,992.0,10.2,538.0
2026-01-26T21:00,33.0,47,20.1,0.00,991.6,7.7,326.0
2026-01-26T22:00,31.0,57,21.6,0.00,991.7,6.9,132.0
2026-01-26T23:00,29.5,56,19.9,0.00,992.4,8.2,13.0
2026-01-27T00:00,28.5,64,20.9,0.00,992.2,6.5,0.0
2026-01-27T01:00,28.4,61,20.1,0.00,992.9,8.1,0.0
2026-01-27T02:00,27.0,70,21.0,0.00,993.4,5.8,0.0
2026-01-27T03:00,26.6,72,21.2,0.00,993.4,5.4,0.0
2026-01-27T04:00,26.2,74,21.2,0.00,993.0,4.4,0.0
2026-01-27T05:00,25.5,78,21.2,0.00,992.8,5.5,0.0
2026-01-27T06:00,25.0,80,21.3,0.00,992.6,6.0,0.0
2026-01-27T07:00,24.3,83,21.2,0.00,992.8,5.9,0.0
2026-01-27T08:00,24.0,85,21.4,0.00,992.9,6.0,0.0
2026-01-27T09:00,23.4,89,21.5,0.00,993.3,6.1,0.0
2026-01-27T10:00,24.2,86,21.8,0.00,994.1,8.1,13.0
2026-01-27T11:00,26.7,79,22.8,0.00,994.2,6.9,135.0
2026-01-27T12:00,30.1,65,22.9,0.00,995.0,4.4,356.0
2026-01-27T13:00,31.8,57,22.1,0.00,995.2,6.5,519.0
2026-01-27T14:00,32.4,55,22.2,0.40,995.4,8.6,628.0
2026-01-27T15:00,32.5,53,21.8,0.00,994.8,8.4,685.0
2026-01-27T16:00,33.2,51,21.5,0.00,994.2,6.9,695.0
2026-01-27T17:00,33.0,49,20.7,0.40,994.2,6.2,692.0
2026-01-27T18:00,31.9,52,20.9,0.00,993.1,6.2,229.0
2026-01-27T19:00,32.4,49,20.5,0.10,992.4,7.8,393.0
2026-01-27T20:00,32.0,51,20.8,0.00,992.1,7.0,381.0
2026-01-27T21:00,31.2,57,21.6,0.00,992.0,7.1,134.0
2026-01-27T22:00,30.0,65,22.8,0.00,992.3,5.5,115.0
2026-01-27T23:00,28.2,69,22.1,0.00,992.6,6.7,14.0
2026-01-28T00:00,26.8,74,21.9,0.00,993.0,8.3,0.0
2026-01-28T01:00,26.7,74,21.7,0.00,993.7,7.0,0.0
2026-01-28T02:00,25.9,78,21.9,0.00,994.2,6.1,0.0
2026-01-28T03:00,25.5,80,21.9,0.00,994.2,7.7,0.0
2026-01-28T04:00,25.3,80,21.6,0.00,993.6,7.2,0.0
2026-01-28T05:00,25.2,79,21.4,0.00,993.3,8.3,0.0
2026-01-28T06:00,25.1,76,20.6,0.00,992.6,9.9,0.0
2026-01-28T07:00,24.6,78,20.6,0.00,992.4,10.7,0.0
2026-01-28T08:00,24.0,82,20.8,0.00,992.7,10.0,0.0
2026-01-28T09:00,23.4,86,21.0,0.00,993.1,7.8,0.0
2026-01-28T10:00,23.6,87,21.3,0.00,993.7,9.5,7.0
2026-01-28T11:00,25.8,81,22.4,0.00,994.5,9.1,146.0
2026-01-28T12:00,27.9,74,22.8,0.00,994.3,6.6,348.0
2026-01-28T13:00,29.9,67,23.0,0.00,994.7,3.6,254.0
2026-01-28T14:00,31.5,61,23.1,0.00,994.9,3.9,464.0
2026-01-28T15:00,33.2,55,23.0,0.00,994.7,3.7,849.0
2026-01-28T16:00,34.2,49,22.1,0.00,994.0,3.1,920.0
2026-01-28T17:00,33.5,52,22.1,0.00,993.4,7.1,875.0
2026-01-28T18:00,32.1,55,22.0,7.00,993.1,8.3,510.0
2026-01-28T19:00,31.1,57,21.6,0.00,992.5,5.9,509.0
2026-01-28T20:00,31.5,56,21.5,0.00,992.2,6.8,341.0
2026-01-28T21:00,31.0,57,21.5,0.00,991.8,5.3,191.0
2026-01-28T22:00,30.1,64,22.5,0.00,991.8,4.7,110.0
2026-01-28T23:00,28.4,70,22.2,0.00,992.3,4.9,13.0
2026-01-29T00:00,27.0,76,22.5,0.00,993.1,2.7,0.0
2026-01-29T01:00,26.3,79,22.3,0.00,993.8,4.1,0.0
2026-01-29T02:00,26.1,80,22.4,0.00,994.0,1.2,0.0
2026-01-29T03:00,25.5,82,22.2,0.00,994.0,3.0,0.0
2026-01-29T04:00,25.0,83,22.0,0.00,993.2,4.2,0.0
2026-01-29T05:00,24.7,84,21.8,0.00,992.6,4.7,0.0
2026-01-29T06:00,24.8,77,20.5,0.00,992.9,7.3,0.0
2026-01-29T07:00,23.7,82,20.4,0.00,992.7,6.3,0.0
2026-01-29T08:00,23.4,83,20.4,0.00,992.6,6.4,0.0
2026-01-29T09:00,23.2,84,20.2,0.00,992.6,7.6,0.0
2026-01-29T10:00,23.6,82,20.3,0.00,993.5,8.5,13.0
2026-01-29T11:00,25.9,74,21.0,0.00,994.1,6.2,141.0
2026-01-29T12:00,28.8,67,22.0,0.00,994.3,7.9,345.0
2026-01-29T13:00,30.6,60,21.9,0.00,994.5,9.3,552.0
2026-01-29T14:00,32.0,54,21.5,0.00,994.4,10.2,728.0
2026-01-29T15:00,33.0,51,21.5,0.00,994.1,11.2,850.0
2026-01-29T16:00,33.7,49,21.6,0.00,993.4,12.5,886.0
2026-01-29T17:00,34.0,48,21.2,0.00,992.5,13.6,849.0
2026-01-29T18:00,29.9,67,23.0,1.40,991.8,13.7,594.0
2026-01-29T19:00,33.0,50,21.4,0.00,990.3,14.4,707.0
2026-01-29T20:00,33.0,50,21.2,0.10,989.9,18.8,490.0
2026-01-29T21:00,30.8,54,20.5,0.90,990.0,11.2,253.0
2026-01-29T22:00,30.4,60,21.7,0.00,990.0,3.9,131.0
2026-01-29T23:00,28.5,62,20.6,0.00,990.6,12.7,14.0
2026-01-30T00:00,27.4,66,20.4,0.00,990.7,4.9,0.0
2026-01-30T01:00,26.0,74,21.0,0.00,991.2,4.8,0.0
2026-01-30T02:00,25.4,75,20.6,0.00,991.5,4.6,0.0
2026-01-30T03:00,24.5,77,20.2,0.00,991.4,5.0,0.0
2026-01-30T04:00,24.0,80,20.2,0.00,990.9,5.6,0.0
2026-01-30T05:00,23.6,82,20.4,0.00,990.3,6.5,0.0
2026-01-30T06:00,22.5,89,20.5,0.00,990.2,4.7,0.0
2026-01-30T07:00,21.6,94,20.6,0.00,990.1,6.1,0.0
2026-01-30T08:00,21.5,95,20.6,0.00,990.3,5.6,0.0
2026-01-30T09:00,21.3,97,20.9,0.00,990.6,6.7,0.0
2026-01-30T10:00,21.9,96,21.2,0.00,991.3,8.8,13.0
2026-01-30T11:00,24.4,86,22.0,0.00,992.0,7.1,143.0
2026-01-30T12:00,26.5,76,22.0,0.00,992.5,6.9,352.0
2026-01-30T13:00,28.6,68,22.1,0.00,992.5,7.7,562.0
2026-01-30T14:00,30.0,57,20.7,0.00,992.5,9.4,712.0
2026-01-30T15:00,30.9,52,20.0,0.10,992.4,10.9,723.0
2026-01-30T16:00,31.7,48,19.2,0.00,991.7,11.4,694.0
2026-01-30T17:00,32.5,42,18.1,0.00,990.9,13.6,842.0
2026-01-30T18:00,32.8,41,17.7,0.00,990.4,17.2,795.0
2026-01-30T19:00,32.3,42,17.6,0.00,989.5,16.2,684.0
2026-01-30T20:00,32.0,43,17.8,0.00,988.9,14.8,496.0
2026-01-30T21:00,31.2,45,17.8,0.00,988.2,15.3,336.0
2026-01-30T22:00,30.2,49,18.2,0.00,987.9,11.8,141.0
2026-01-30T23:00,28.4,53,18.0,0.00,988.0,9.4,14.0
2026-01-31T00:00,27.7,56,18.0,0.00,988.5,8.9,0.0
2026-01-31T01:00,27.1,58,18.1,0.00,988.9,8.5,0.0
2026-01-31T02:00,26.4,62,18.5,0.00,989.4,8.1,0.0
2026-01-31T03:00,25.5,66,18.7,0.00,989.3,7.2,0.0
2026-01-31T04:00,24.6,71,19.0,0.00,988.9,5.8,0.0
2026-01-31T05:00,24.3,72,18.9,0.00,988.8,8.1,0.0
2026-01-31T06:00,23.4,77,19.1,0.00,988.3,6.5,0.0
2026-01-31T07:00,22.8,82,19.5,0.00,988.1,8.0,0.0
2026-01-31T08:00,22.4,86,20.0,0.00,988.0,7.4,0.0
2026-01-31T09:00,22.0,90,20.2,0.00,988.2,7.3,0.0
2026-01-31T10:00,22.5,89,20.5,0.00,988.8,9.2,12.0
2026-01-31T11:00,24.5,82,21.1,0.00,989.3,6.8,143.0
2026-01-31T12:00,27.0,71,21.5,0.00,989.6,5.7,354.0
2026-01-31T13:00,28.8,62,20.8,0.00,989.8,2.4,563.0
2026-01-31T14:00,29.9,52,19.0,0.00,989.8,3.4,585.0
2026-01-31T15:00,30.8,49,19.0,0.00,989.7,5.7,751.0
2026-01-31T16:00,31.0,48,18.8,0.00,989.3,8.9,737.0
2026-01-31T17:00,31.5,48,19.1,0.00,988.6,8.3,770.0
2026-01-31T18:00,32.0,46,18.8,0.00,988.0,9.2,796.0
2026-01-31T19:00,32.2,44,18.4,0.00,986.7,9.4,647.0
2026-01-31T20:00,32.0,43,17.8,0.00,985.9,8.3,491.0
2026-01-31T21:00,31.5,44,17.7,0.00,985.6,10.0,325.0
2026-01-31T22:00,29.9,51,18.5,0.00,985.5,8.4,131.0
2026-01-31T23:00,27.9,57,18.6,0.00,986.0,5.9,12.0
2026-02-01T00:00,27.0,59,18.2,0.00,986.0,5.9,0.0
2026-02-01T01:00,26.0,62,18.1,0.00,986.6,5.6,0.0
2026-02-01T02:00,25.2,64,18.0,0.00,986.8,5.8,0.0
2026-02-01T03:00,25.4,61,17.4,0.00,986.6,5.4,0.0
2026-02-01T04:00,24.9,60,16.5,0.00,986.3,6.8,0.0
2026-02-01T05:00,25.0,64,17.5,0.00,986.6,10.9,0.0
2026-02-01T06:00,24.2,72,18.9,0.00,986.1,11.1,0.0
2026-02-01T07:00,23.4,76,19.0,0.00,986.1,10.4,0.0
2026-02-01T08:00,23.0,77,18.7,0.00,986.2,9.7,0.0
2026-02-01T09:00,22.5,77,18.4,0.00,986.3,8.6,0.0
2026-02-01T10:00,22.6,78,18.6,0.00,986.9,9.2,11.0
2026-02-01T11:00,24.4,76,19.9,0.00,987.5,8.9,140.0
2026-02-01T12:00,27.4,68,21.0,0.00,988.0,8.5,349.0
2026-02-01T13:00,29.6,58,20.4,0.00,988.4,7.4,553.0
2026-02-01T14:00,31.1,46,18.0,0.00,988.8,3.1,727.0
2026-02-01T15:00,31.5,44,17.6,0.00,988.5,3.5,718.0
2026-02-01T16:00,31.9,44,18.1,0.00,988.4,4.5,750.0
2026-02-01T17:00,32.1,44,18.3,0.00,988.0,5.4,769.0
2026-02-01T18:00,32.5,42,17.8,0.00,987.6,10.1,724.0
2026-02-01T19:00,32.2,41,17.5,0.00,987.3,11.9,675.0
2026-02-01T20:00,31.6,41,16.9,0.00,987.0,11.0,471.0
2026-02-01T21:00,31.1,42,16.8,0.00,987.1,9.7,274.0
2026-02-01T22:00,29.6,50,18.1,0.00,987.2,6.0,64.0
2026-02-01T23:00,28.0,53,17.6,0.00,987.2,8.2,2.0
2026-02-02T00:00,27.1,64,19.8,0.00,987.5,4.4,0.0
2026-02-02T01:00,26.2,66,19.5,0.00,987.7,4.6,0.0
2026-02-02T02:00,25.6,65,18.6,0.00,987.6,5.6,0.0
2026-02-02T03:00,25.9,62,18.0,0.00,987.6,5.7,0.0
2026-02-02T04:00,25.5,63,17.9,0.00,987.6,5.5,0.0
2026-02-02T05:00,24.7,65,17.6,0.00,987.9,6.3,0.0
2026-02-02T06:00,23.7,68,17.5,0.00,987.4,8.3,0.0
2026-02-02T07:00,22.9,70,17.1,0.00,987.5,7.8,0.0
2026-02-02T08:00,22.2,70,16.5,0.00,987.9,7.8,0.0
2026-02-02T09:00,21.8,69,15.8,0.00,988.0,7.3,0.0
2026-02-02T10:00,22.2,68,16.0,0.00,988.3,8.2,10.0
2026-02-02T11:00,24.5,65,17.5,0.00,988.7,10.1,138.0
2026-02-02T12:00,27.0,56,17.5,0.00,989.1,10.2,348.0
2026-02-02T13:00,28.8,52,17.9,0.00,989.4,9.8,554.0
2026-02-02T14:00,30.7,45,17.5,0.00,989.4,8.1,733.0
2026-02-02T15:00,31.9,39,16.1,0.00,989.0,6.1,859.0
2026-02-02T16:00,32.5,37,16.0,0.00,988.4,5.2,914.0
2026-02-02T17:00,32.8,36,15.9,0.00,987.8,2.4,885.0
2026-02-02T18:00,33.5,35,15.8,0.00,986.8,3.9,836.0
2026-02-02T19:00,33.0,36,16.0,0.00,985.9,5.1,593.0
2026-02-02T20:00,32.0,39,16.1,0.20,985.3,10.4,378.0
2026-02-02T21:00,31.1,42,16.6,0.00,985.3,9.4,230.0
2026-02-02T22:00,29.7,57,20.1,0.00,985.4,3.5,116.0
2026-02-02T23:00,28.5,60,20.0,0.00,985.7,0.3,11.0
2026-02-03T00:00,27.5,50,16.1,0.00,985.7,4.0,0.0
2026-02-03T01:00,26.4,54,16.4,0.00,986.0,7.3,0.0
2026-02-03T02:00,26.4,58,17.4,0.00,986.4,2.7,0.0
2026-02-03T03:00,25.8,60,17.5,0.00,986.5,3.9,0.0
2026-02-03T04:00,25.1,63,17.5,0.00,986.6,8.1,0.0
2026-02-03T05:00,24.4,69,18.4,0.00,986.4,6.6,0.0
2026-02-03T06:00,23.6,76,19.1,0.00,986.2,4.5,0.0
2026-02-03T07:00,23.1,79,19.4,0.00,986.5,3.8,0.0
2026-02-03T08:00,22.7,81,19.4,0.00,986.6,4.7,0.0
2026-02-03T09:00,22.6,82,19.4,0.00,987.3,11.0,0.0
2026-02-03T10:00,22.9,83,19.9,0.00,987.5,11.4,9.0
2026-02-03T11:00,24.8,80,21.1,0.00,988.4,11.3,132.0
2026-02-03T12:00,29.6,58,20.5,0.00,988.5,6.5,330.0
2026-02-03T13:00,31.4,46,18.5,0.00,988.7,10.5,541.0
2026-02-03T14:00,32.4,43,18.1,0.00,988.8,13.2,698.0
2026-02-03T15:00,33.2,40,17.6,0.00,988.7,7.9,843.0
2026-02-03T16:00,34.3,36,17.2,0.00,988.3,4.9,923.0
2026-02-03T17:00,34.9,36,17.4,0.00,987.8,4.8,931.0
2026-02-03T18:00,34.7,33,16.2,0.00,986.9,11.7,639.0
2026-02-03T19:00,34.5,34,16.3,0.00,986.3,11.3,549.0
2026-02-03T20:00,34.2,34,16.0,0.00,986.1,11.7,506.0
2026-02-03T21:00,33.2,34,15.2,0.00,985.9,10.8,293.0
2026-02-03T22:00,31.3,50,19.8,0.00,986.1,4.2,121.0
2026-02-03T23:00,29.6,46,16.9,0.00,986.6,3.9,11.0
2026-02-04T00:00,28.8,49,17.0,0.00,987.1,8.7,0.0
2026-02-04T01:00,27.8,50,16.3,0.00,987.5,5.2,0.0
2026-02-04T02:00,27.0,50,15.7,0.00,988.3,6.6,0.0
2026-02-04T03:00,27.0,51,15.9,0.00,988.9,13.6,0.0
2026-02-04T04:00,26.3,59,17.6,0.00,989.1,14.7,0.0
2026-02-04T05:00,25.4,65,18.5,0.00,989.2,13.0,0.0
2026-02-04T06:00,24.4,72,19.0,0.00,988.4,12.1,0.0
2026-02-04T07:00,23.5,77,19.2,0.00,988.4,12.6,0.0
2026-02-04T08:00,22.8,81,19.4,0.00,988.8,11.8,0.0
2026-02-04T09:00,22.2,85,19.5,0.00,989.1,10.8,0.0
2026-02-04T10:00,22.2,86,19.8,0.00,989.6,10.6,9.0
2026-02-04T11:00,24.1,81,20.7,0.00,990.2,8.7,134.0
2026-02-04T12:00,26.8,71,21.0,0.00,990.7,6.5,344.0
2026-02-04T13:00,29.0,63,21.2,0.00,990.7,8.3,560.0
2026-02-04T14:00,31.0,52,19.8,0.00,990.6,9.5,744.0
2026-02-04T15:00,32.5,43,18.3,0.00,990.5,8.1,878.0
2026-02-04T16:00,33.6,37,17.0,0.00,990.1,5.2,947.0
2026-02-04T17:00,34.2,35,16.6,0.00,989.5,5.9,948.0
2026-02-04T18:00,34.7,32,15.8,0.00,988.9,8.5,883.0
2026-02-04T19:00,34.9,30,15.0,0.00,988.4,8.3,739.0
2026-02-04T20:00,34.7,31,14.9,0.00,988.1,9.2,554.0
2026-02-04T21:00,33.5,32,14.4,0.00,987.6,13.5,349.0
2026-02-04T22:00,31.3,38,15.2,0.00,987.6,7.7,146.0
2026-02-04T23:00,29.2,39,13.6,0.00,987.8,7.9,13.0
2026-02-05T00:00,28.6,40,13.6,0.00,988.6,9.0,0.0
2026-02-05T01:00,28.1,45,15.1,0.00,989.2,10.4,0.0
2026-02-05T02:00,27.7,48,15.6,0.00,989.4,9.1,0.0
2026-02-05T03:00,27.1,50,15.9,0.00,989.8,8.5,0.0
2026-02-05T04:00,26.3,55,16.5,0.00,989.7,8.0,0.0
2026-02-05T05:00,25.4,58,16.4,0.00,989.4,8.4,0.0
2026-02-05T06:00,24.5,60,16.4,0.00,989.4,7.2,0.0
2026-02-05T07:00,23.3,65,16.4,0.00,989.3,6.6,0.0
2026-02-05T08:00,22.9,66,16.3,0.00,989.6,9.3,0.0
2026-02-05T09:00,22.8,66,16.0,0.00,989.7,7.2,0.0
2026-02-05T10:00,23.4,65,16.5,0.00,990.2,7.4,9.0
2026-02-05T11:00,25.8,62,18.0,0.00,990.9,9.3,136.0
2026-02-05T12:00,28.9,53,18.2,0.00,991.1,9.4,348.0
2026-02-05T13:00,31.2,46,18.0,0.00,991.5,8.9,563.0
2026-02-05T14:00,33.2,39,17.5,0.00,991.7,8.3,743.0
2026-02-05T15:00,34.2,36,17.0,0.00,991.5,6.8,871.0
2026-02-05T16:00,34.8,34,16.5,0.00,990.8,4.8,887.0
2026-02-05T17:00,35.2,32,16.3,0.00,990.4,4.8,923.0
2026-02-05T18:00,35.5,30,15.1,0.00,989.7,2.2,841.0
2026-02-05T19:00,35.9,29,14.9,0.00,989.1,3.6,746.0
2026-02-05T20:00,35.8,29,15.1,0.00,988.4,6.4,532.0
2026-02-05T21:00,35.5,31,15.9,0.00,988.1,6.4,323.0
2026-02-05T22:00,33.1,40,17.9,0.00,988.3,8.0,112.0
2026-02-05T23:00,31.0,43,17.0,0.00,988.8,9.6,10.0
2026-02-06T00:00,30.5,49,18.6,0.00,988.8,1.5,0.0
2026-02-06T01:00,29.4,51,18.2,0.00,989.1,3.0,0.0
2026-02-06T02:00,28.5,53,18.0,0.00,989.5,4.5,0.0
2026-02-06T03:00,28.3,52,17.5,0.00,989.9,3.2,0.0
2026-02-06T04:00,27.3,52,16.5,0.00,989.9,6.3,0.0
2026-02-06T05:00,26.9,50,15.4,0.00,989.2,7.5,0.0
2026-02-06T06:00,26.0,57,16.7,0.00,989.5,7.1,0.0
2026-02-06T07:00,25.6,63,18.0,0.00,989.7,9.2,0.0
2026-02-06T08:00,25.5,64,18.3,0.00,989.3,8.6,0.0
2026-02-06T09:00,24.8,67,18.2,0.00,989.8,7.4,0.0
2026-02-06T10:00,24.8,69,18.8,0.00,990.9,5.8,3.0
2026-02-06T11:00,26.8,64,19.5,0.00,991.5,6.9,88.0
2026-02-06T12:00,29.7,56,20.0,0.00,992.5,1.5,338.0
2026-02-06T13:00,32.2,48,20.0,0.00,992.8,1.3,549.0
2026-02-06T14:00,34.2,41,19.2,0.00,992.8,2.4,684.0
2026-02-06T15:00,35.7,34,17.5,0.00,992.2,4.5,858.0
2026-02-06T16:00,36.2,33,17.2,0.00,991.5,4.4,764.0
2026-02-06T17:00,37.1,31,17.1,0.00,990.8,3.1,853.0
2026-02-06T18:00,37.0,31,17.4,0.00,990.2,5.2,685.0
2026-02-06T19:00,37.0,32,17.5,0.00,989.3,6.2,716.0
2026-02-06T20:00,36.7,32,17.3,0.00,988.9,8.0,532.0
2026-02-06T21:00,36.0,32,17.0,0.00,988.6,7.1,341.0
2026-02-06T22:00,33.8,50,22.0,0.00,988.5,3.7,116.0
2026-02-06T23:00,31.8,45,18.2,0.00,988.8,7.1,7.0
2026-02-07T00:00,31.5,40,16.2,0.00,989.6,10.2,0.0
2026-02-07T01:00,30.8,43,17.0,0.00,990.0,11.9,0.0
2026-02-07T02:00,30.0,48,18.0,0.00,990.0,13.0,0.0
2026-02-07T03:00,29.5,52,18.7,0.00,990.5,12.9,0.0
2026-02-07T04:00,28.5,56,18.9,0.00,990.2,12.2,0.0
2026-02-07T05:00,27.7,58,18.6,0.00,990.0,11.7,0.0
2026-02-07T06:00,27.2,60,18.9,0.00,989.8,12.4,0.0
2026-02-07T07:00,27.0,63,19.4,0.00,989.9,14.1,0.0
2026-02-07T08:00,26.8,69,20.8,0.00,990.1,14.1,0.0
2026-02-07T09:00,26.3,73,21.0,0.00,990.7,15.8,0.0
2026-02-07T10:00,26.2,74,21.3,0.00,991.9,21.5,7.0
2026-02-07T11:00,26.5,73,21.4,0.00,992.9,25.4,88.0
2026-02-07T12:00,24.9,83,21.9,0.00,994.6,20.3,86.0
2026-02-07T13:00,25.0,84,22.0,2.60,993.4,10.6,31.0
2026-02-07T14:00,30.1,67,23.4,0.20,993.6,16.7,694.0
2026-02-07T15:00,32.2,58,22.8,0.00,993.3,18.5,831.0
2026-02-07T16:00,30.5,62,22.4,0.60,993.8,13.7,477.0
2026-02-07T17:00,31.2,55,21.2,0.10,992.7,16.2,481.0
2026-02-07T18:00,33.2,42,18.6,0.00,991.6,13.4,598.0
2026-02-07T19:00,33.5,41,18.2,0.00,990.9,16.8,589.0
2026-02-07T20:00,33.2,39,17.4,0.00,990.6,16.9,530.0
2026-02-07T21:00,32.4,41,17.4,0.00,990.6,17.3,314.0
2026-02-07T22:00,30.9,46,18.0,0.00,991.1,14.3,109.0
2026-02-07T23:00,29.2,51,18.1,0.00,991.6,17.3,10.0
2026-02-08T00:00,29.5,57,20.1,0.00,992.1,17.7,0.0
2026-02-08T01:00,28.5,63,20.9,0.00,992.8,15.7,0.0
2026-02-08T02:00,27.6,66,20.6,0.00,993.5,19.7,0.0
2026-02-08T03:00,26.2,69,20.0,0.00,993.6,16.7,0.0
2026-02-08T04:00,25.6,71,20.1,0.00,993.2,12.6,0.0
2026-02-08T05:00,24.8,76,20.3,0.00,992.3,11.3,0.0
2026-02-08T06:00,24.2,78,20.1,0.00,991.9,11.5,0.0
2026-02-08T07:00,23.6,81,20.0,0.00,991.8,11.2,0.0
2026-02-08T08:00,23.2,81,19.8,0.00,991.8,10.8,0.0
2026-02-08T09:00,22.8,82,19.6,0.00,992.4,10.8,0.0
2026-02-08T10:00,22.8,83,19.8,0.00,993.1,12.0,7.0
2026-02-08T11:00,24.1,78,20.1,0.00,994.0,11.7,120.0
2026-02-08T12:00,26.9,69,20.8,0.00,994.0,11.2,312.0
2026-02-08T13:00,28.6,63,21.0,0.00,994.3,9.5,529.0
2026-02-08T14:00,29.9,58,20.8,0.00,993.7,8.7,573.0
2026-02-08T15:00,30.6,54,20.2,0.00,993.3,5.6,701.0
2026-02-08T16:00,31.3,52,20.2,0.00,993.0,7.6,704.0
2026-02-08T17:00,31.6,52,20.7,0.00,992.5,9.4,712.0
2026-02-08T18:00,32.0,53,21.1,0.00,991.6,7.0,691.0
2026-02-08T19:00,32.3,51,21.0,0.00,990.7,6.7,665.0
2026-02-08T20:00,32.2,49,20.0,0.00,990.0,8.5,468.0
2026-02-08T21:00,31.6,47,18.9,0.00,989.5,8.3,271.0
2026-02-08T22:00,30.5,51,19.4,0.00,989.7,6.3,120.0
2026-02-08T23:00,28.5,55,18.7,0.00,989.9,7.3,10.0
2026-02-09T00:00,28.1,51,16.9,0.00,990.0,9.6,0.0
2026-02-09T01:00,27.8,51,16.6,0.00,990.6,9.2,0.0
2026-02-09T02:00,27.0,51,16.1,0.00,990.5,7.3,0.0
2026-02-09T03:00,26.2,54,16.2,0.00,990.4,5.0,0.0
2026-02-09T04:00,25.2,57,16.1,0.00,990.1,9.5,0.0
2026-02-09T05:00,24.2,64,16.9,0.00,989.7,7.3,0.0
2026-02-09T06:00,23.4,71,17.9,0.00,989.2,6.5,0.0
2026-02-09T07:00,22.9,73,17.9,0.00,989.3,7.7,0.0
2026-02-09T08:00,22.3,75,17.8,0.00,989.2,6.7,0.0
2026-02-09T09:00,21.8,78,17.8,0.00,989.1,5.9,0.0
2026-02-09T10:00,22.1,77,18.0,0.00,989.3,7.7,7.0
2026-02-09T11:00,24.9,71,19.2,0.00,990.1,8.3,121.0
2026-02-09T12:00,28.6,58,19.6,0.00,990.4,8.7,325.0
2026-02-09T13:00,31.0,55,21.0,0.00,990.9,11.7,537.0
2026-02-09T14:00,32.8,50,21.0,0.00,990.6,14.6,716.0
2026-02-09T15:00,33.5,47,20.8,0.00,990.2,14.7,668.0
2026-02-09T16:00,34.3,47,21.5,0.00,989.7,13.3,671.0
2026-02-09T17:00,34.8,45,21.2,0.00,989.1,11.3,675.0
2026-02-09T18:00,34.8,43,20.5,0.00,988.3,9.9,276.0
2026-02-09T19:00,34.8,43,20.2,0.00,987.8,7.5,559.0
2026-02-09T20:00,34.5,43,20.0,0.00,987.4,2.5,460.0
2026-02-09T21:00,34.3,43,19.9,0.00,987.0,2.4,288.0
2026-02-09T22:00,33.2,47,20.4,0.00,987.2,6.1,119.0
2026-02-09T23:00,31.0,55,20.9,0.00,988.0,9.0,7.0
2026-02-10T00:00,28.4,79,24.4,0.00,988.7,1.6,0.0
2026-02-10T01:00,28.0,74,23.0,0.00,989.1,4.7,0.0
2026-02-10T02:00,27.8,73,22.5,0.00,989.5,9.2,0.0
2026-02-10T03:00,27.5,72,21.9,0.00,989.4,11.0,0.0
2026-02-10T04:00,27.0,74,22.0,0.00,989.1,11.2,0.0
2026-02-10T05:00,26.4,75,21.5,0.00,988.8,10.2,0.0
2026-02-10T06:00,25.5,77,21.3,0.00,988.4,10.6,0.0
2026-02-10T07:00,25.2,80,21.5,0.00,988.5,9.8,0.0
2026-02-10T08:00,25.0,81,21.5,0.00,988.4,9.0,0.0
2026-02-10T09:00,25.0,80,21.3,0.00,988.6,10.4,0.0
2026-02-10T10:00,25.4,78,21.2,0.00,989.2,11.1,3.0
2026-02-10T11:00,26.5,75,21.6,0.90,990.5,4.0,79.0
2026-02-10T12:00,26.4,79,22.5,0.30,991.1,9.2,115.0
2026-02-10T13:00,27.2,70,21.4,0.00,991.5,16.9,187.0
2026-02-10T14:00,28.5,66,21.6,0.00,992.1,18.6,321.0
2026-02-10T15:00,29.5,63,21.7,0.00,991.8,19.5,456.0
2026-02-10T16:00,30.3,62,22.2,0.00,991.3,16.9,548.0
2026-02-10T17:00,31.2,58,21.9,0.00,990.7,16.6,513.0
2026-02-10T18:00,32.8,49,20.6,0.00,989.7,15.0,438.0
2026-02-10T19:00,32.9,48,20.4,0.00,988.9,13.2,566.0
2026-02-10T20:00,32.6,48,20.2,0.00,988.6,11.7,459.0
2026-02-10T21:00,32.0,49,20.0,0.00,988.2,9.5,303.0
2026-02-10T22:00,30.8,55,20.7,0.00,988.1,5.0,113.0
2026-02-10T23:00,29.0,62,20.9,0.00,988.0,5.4,1.0
2026-02-11T00:00,26.9,77,22.5,0.00,988.4,4.8,0.0
2026-02-11T01:00,26.8,73,21.6,0.00,988.8,5.2,0.0
2026-02-11T02:00,26.6,71,20.9,0.00,988.9,6.5,0.0
2026-02-11T03:00,26.2,73,21.0,0.00,988.8,7.3,0.0
2026-02-11T04:00,25.6,76,21.0,0.00,988.7,9.3,0.0
2026-02-11T05:00,25.2,76,20.7,0.00,988.3,8.8,0.0
2026-02-11T06:00,24.1,82,20.9,0.00,988.4,9.0,0.0
2026-02-11T07:00,23.6,85,20.9,0.00,988.4,7.6,0.0
2026-02-11T08:00,23.2,87,20.9,0.00,988.7,8.0,0.0
2026-02-11T09:00,22.9,89,20.9,0.00,989.3,7.4,0.0
2026-02-11T10:00,23.1,87,20.8,0.00,989.9,9.9,6.0
2026-02-11T11:00,25.1,80,21.5,0.00,990.7,10.8,114.0
2026-02-11T12:00,27.9,73,22.5,0.00,991.5,10.5,324.0
2026-02-11T13:00,30.0,69,23.6,0.00,991.7,11.7,535.0
2026-02-11T14:00,31.9,61,23.4,0.00,991.5,13.7,715.0
2026-02-11T15:00,33.4,52,22.1,0.00,991.0,17.0,846.0
2026-02-11T16:00,34.4,46,21.2,0.00,990.3,17.8,902.0
2026-02-11T17:00,35.0,44,20.8,0.00,989.9,16.5,910.0
2026-02-11T18:00,35.5,40,19.6,0.00,989.7,12.0,822.0
2026-02-11T19:00,35.6,39,19.7,0.00,989.1,10.3,511.0
2026-02-11T20:00,35.3,39,19.1,0.00,988.6,7.5,414.0
2026-02-11T21:00,34.8,40,19.1,0.00,988.3,4.8,267.0
2026-02-11T22:00,33.1,59,24.1,0.00,988.4,2.1,108.0
2026-02-11T23:00,30.9,58,21.6,0.00,988.7,0.9,7.0
2026-02-12T00:00,30.6,57,21.0,0.00,988.5,2.9,0.0
2026-02-12T01:00,30.0,62,21.9,0.00,989.3,6.9,0.0
2026-02-12T02:00,29.6,63,21.7,0.00,989.3,8.7,0.0
2026-02-12T03:00,29.0,63,21.3,0.00,989.6,9.0,0.0
2026-02-12T04:00,28.8,63,20.9,0.00,989.8,9.1,0.0
2026-02-12T05:00,27.8,64,20.5,0.00,989.4,6.4,0.0
2026-02-12T06:00,26.9,67,20.3,0.00,989.4,6.9,0.0
2026-02-12T07:00,26.5,68,20.1,0.00,989.1,6.0,0.0
2026-02-12T08:00,26.3,70,20.3,0.00,988.9,7.0,0.0
2026-02-12T09:00,25.9,73,20.5,0.00,989.3,8.3,0.0
2026-02-12T10:00,26.0,74,21.0,0.00,989.7,10.7,5.0
2026-02-12T11:00,28.1,70,22.2,0.00,989.8,13.2,114.0
2026-02-12T12:00,31.1,60,22.5,0.00,990.2,10.4,318.0
2026-02-12T13:00,33.6,52,22.3,0.00,990.4,13.2,516.0
2026-02-12T14:00,35.0,45,21.3,0.00,990.6,16.8,648.0
2026-02-12T15:00,35.8,39,19.6,0.00,989.9,19.9,650.0
2026-02-12T16:00,36.2,37,19.1,0.00,989.6,20.3,681.0
2026-02-12T17:00,36.5,37,19.5,0.00,989.0,19.0,784.0
2026-02-12T18:00,34.8,39,19.0,0.00,989.1,14.1,443.0
2026-02-12T19:00,35.8,38,19.2,0.10,988.6,9.4,509.0
2026-02-12T20:00,35.7,39,19.6,0.00,988.8,7.4,344.0
2026-02-12T21:00,30.0,58,20.8,0.40,989.9,7.1,257.0
2026-02-12T22:00,28.8,68,22.3,0.00,990.0,19.9,69.0
2026-02-12T23:00,27.1,72,21.7,0.10,990.9,21.6,4.0
2026-02-13T00:00,23.6,82,20.3,0.00,992.6,21.6,0.0
2026-02-13T01:00,23.5,85,20.9,0.00,993.6,20.3,0.0
2026-02-13T02:00,23.9,82,20.6,0.00,994.2,24.2,0.0
2026-02-13T03:00,23.9,82,20.5,0.00,994.4,21.7,0.0
2026-02-13T04:00,23.7,82,20.5,0.00,994.0,20.1,0.0
2026-02-13T05:00,23.4,83,20.3,0.00,993.5,18.1,0.0
2026-02-13T06:00,23.4,73,18.2,0.00,993.5,15.7,0.0
2026-02-13T07:00,23.2,74,18.2,0.00,993.1,14.7,0.0
2026-02-13T08:00,23.1,75,18.5,0.00,992.9,12.6,0.0
2026-02-13T09:00,23.1,76,18.6,0.00,993.4,11.7,0.0
2026-02-13T10:00,23.4,76,19.0,0.00,993.8,12.0,4.0
2026-02-13T11:00,25.0,74,20.0,0.00,994.7,10.8,102.0
2026-02-13T12:00,25.7,75,21.0,0.00,996.1,8.3,305.0
2026-02-13T13:00,26.9,71,21.3,0.00,996.7,7.9,371.0
2026-02-13T14:00,28.6,67,21.8,0.00,996.4,11.4,454.0
2026-02-13T15:00,30.4,61,22.0,0.00,995.9,12.4,648.0
2026-02-13T16:00,31.0,60,22.2,0.00,995.6,11.6,724.0
2026-02-13T17:00,31.4,58,22.0,0.00,994.6,13.3,717.0
2026-02-13T18:00,31.4,53,20.7,0.00,994.0,18.1,754.0
2026-02-13T19:00,31.1,53,20.5,0.00,993.3,17.6,245.0
2026-02-13T20:00,31.2,52,20.2,0.00,993.1,19.9,418.0
2026-02-13T21:00,29.9,56,20.2,0.00,993.4,17.5,64.0
2026-02-13T22:00,29.0,59,20.0,0.00,993.9,16.0,32.0
2026-02-13T23:00,27.8,63,20.0,0.00,994.2,13.9,0.0
2026-02-14T00:00,27.0,65,19.9,0.00,994.3,15.1,0.0
2026-02-14T01:00,26.2,68,19.8,0.00,994.8,16.5,0.0
2026-02-14T02:00,25.9,71,20.2,0.00,995.1,14.7,0.0
2026-02-14T03:00,25.8,74,20.8,0.00,995.0,12.3,0.0
2026-02-14T04:00,25.3,76,20.8,0.00,994.5,9.9,0.0
2026-02-14T05:00,24.4,84,21.5,0.00,993.8,8.0,0.0
2026-02-14T06:00,24.0,90,22.1,0.00,993.3,4.2,0.0
2026-02-14T07:00,23.5,92,22.2,0.00,992.9,4.3,0.0
2026-02-14T08:00,23.4,94,22.4,0.00,993.0,4.7,0.0
2026-02-14T09:00,23.5,93,22.4,0.00,993.5,5.0,0.0
2026-02-14T10:00,24.2,91,22.7,0.00,994.1,8.4,1.0
2026-02-14T11:00,25.0,87,22.8,0.00,994.8,10.9,25.0
2026-02-14T12:00,26.0,83,22.8,0.00,995.6,8.6,59.0
2026-02-14T13:00,27.1,76,22.5,0.20,995.9,7.6,133.0
2026-02-14T14:00,28.0,73,22.6,0.40,995.6,6.5,395.0
2026-02-14T15:00,29.1,69,23.0,0.20,995.2,6.5,588.0
2026-02-14T16:00,30.1,67,23.2,0.10,994.5,4.7,614.0
2026-02-14T17:00,30.7,65,23.4,0.20,993.8,2.9,705.0
2026-02-14T18:00,25.4,90,23.6,1.90,993.6,7.9,41.0
2026-02-14T19:00,26.1,85,23.5,1.30,992.8,5.9,114.0
2026-02-14T20:00,26.6,83,23.5,0.30,992.1,9.4,125.0
2026-02-14T21:00,27.1,81,23.5,0.00,991.6,9.6,269.0
2026-02-14T22:00,26.6,81,23.1,0.00,992.1,8.1,110.0
2026-02-14T23:00,25.6,87,23.2,0.00,992.7,4.7,6.0
2026-02-15T00:00,24.5,90,22.8,0.00,992.2,9.8,0.0
2026-02-15T01:00,24.5,89,22.6,0.00,992.7,10.9,0.0
2026-02-15T02:00,24.5,91,23.0,0.00,992.7,10.5,0.0
2026-02-15T03:00,24.2,94,23.3,0.00,992.7,11.3,0.0
2026-02-15T04:00,24.1,95,23.2,0.00,992.3,10.3,0.0
2026-02-15T05:00,23.9,96,23.2,0.00,992.2,10.2,0.0
2026-02-15T06:00,24.1,95,23.4,0.00,991.7,10.4,0.0
2026-02-15T07:00,23.9,95,23.0,0.00,991.6,12.0,0.0
2026-02-15T08:00,23.6,93,22.5,0.00,991.7,12.5,0.0
2026-02-15T09:00,23.5,93,22.2,0.00,992.0,12.1,0.0
2026-02-15T10:00,23.6,92,22.2,0.00,992.7,11.9,3.0
2026-02-15T11:00,25.2,85,22.5,0.00,993.4,15.6,94.0
2026-02-15T12:00,26.0,86,23.4,0.00,994.1,12.8,282.0
2026-02-15T13:00,28.0,75,23.2,0.10,994.1,17.6,463.0
2026-02-15T14:00,29.0,73,23.6,0.20,993.8,17.8,521.0
2026-02-15T15:00,30.0,68,23.5,0.20,993.3,19.6,601.0
2026-02-15T16:00,30.6,65,23.2,0.10,992.5,19.4,759.0
2026-02-15T17:00,31.5,61,23.2,0.00,991.8,19.5,815.0
2026-02-15T18:00,32.3,54,21.9,2.10,991.6,19.6,770.0
2026-02-15T19:00,30.1,65,22.9,0.40,990.9,19.8,668.0
2026-02-15T20:00,30.2,67,23.5,0.10,990.6,14.8,321.0
2026-02-15T21:00,30.0,68,23.3,0.00,990.3,12.2,201.0
2026-02-15T22:00,29.2,72,23.7,0.00,990.9,6.2,92.0
2026-02-15T23:00,28.0,77,23.5,0.00,990.9,7.1,4.0
2026-02-16T00:00,28.6,62,20.5,0.00,990.8,8.8,0.0
2026-02-16T01:00,27.7,66,20.8,0.00,991.7,14.8,0.0
2026-02-16T02:00,27.0,68,20.6,0.00,991.9,13.9,0.0
2026-02-16T03:00,26.7,71,21.0,0.00,992.1,11.6,0.0
2026-02-16T04:00,26.3,74,21.2,0.00,992.2,10.0,0.0
2026-02-16T05:00,26.2,74,21.3,0.00,991.9,12.0,0.0
2026-02-16T06:00,26.1,81,22.6,0.00,991.7,4.8,0.0
2026-02-16T07:00,25.4,82,22.0,0.10,991.8,12.0,0.0
2026-02-16T08:00,25.6,81,22.1,0.50,991.4,3.7,0.0
2026-02-16T09:00,23.2,95,22.3,5.20,992.4,13.7,0.0
2026-02-16T10:00,23.7,92,22.4,0.10,993.0,11.3,2.0
2026-02-16T11:00,25.1,91,23.5,0.10,994.0,2.1,64.0
2026-02-16T12:00,28.9,70,22.8,1.30,994.2,10.5,186.0
2026-02-16T13:00,31.1,62,23.0,0.00,994.6,12.1,515.0
2026-02-16T14:00,31.8,58,22.5,0.70,994.8,12.3,676.0
2026-02-16T15:00,31.5,59,22.5,0.10,994.1,14.6,410.0
2026-02-16T16:00,32.5,58,23.1,0.00,993.5,12.9,472.0
2026-02-16T17:00,33.6,46,20.5,0.30,992.9,17.4,609.0
2026-02-16T18:00,33.4,49,21.1,0.10,992.4,12.2,315.0
2026-02-16T19:00,34.3,44,20.3,0.00,991.5,13.5,601.0
2026-02-16T20:00,32.7,48,20.4,0.20,991.1,12.1,273.0
2026-02-16T21:00,32.7,49,20.5,0.00,990.7,8.6,291.0
2026-02-16T22:00,31.0,59,22.1,0.00,991.2,6.9,91.0
2026-02-16T23:00,29.1,67,22.4,0.00,991.8,6.3,5.0
2026-02-17T00:00,28.2,72,22.6,0.00,992.2,3.7,0.0
2026-02-17T01:00,27.8,75,23.0,0.00,992.9,11.9,0.0
2026-02-17T02:00,27.6,78,23.5,0.00,992.6,12.3,0.0
2026-02-17T03:00,27.6,79,23.6,0.00,992.6,12.8,0.0
2026-02-17T04:00,27.0,82,23.8,0.00,992.6,10.3,0.0
2026-02-17T05:00,26.5,86,24.0,0.00,992.0,9.1,0.0
2026-02-17T06:00,25.4,89,23.4,0.00,992.1,9.8,0.0
2026-02-17T07:00,25.1,91,23.5,0.00,991.8,10.0,0.0
2026-02-17T08:00,24.9,92,23.5,0.00,991.7,9.9,0.0
2026-02-17T09:00,24.7,92,23.4,0.00,992.2,8.3,0.0
2026-02-17T10:00,24.9,90,23.1,0.00,992.8,8.4,3.0
2026-02-17T11:00,27.5,78,23.4,0.00,993.4,10.3,104.0
2026-02-17T12:00,30.4,61,22.1,0.00,993.6,14.3,305.0
2026-02-17T13:00,32.1,57,22.5,0.00,993.9,17.2,382.0
2026-02-17T14:00,34.2,53,23.1,0.00,993.9,18.8,602.0
2026-02-17T15:00,35.5,46,22.1,0.00,993.1,21.7,748.0
2026-02-17T16:00,36.5,42,21.4,0.00,992.7,19.6,813.0
2026-02-17T17:00,37.1,39,21.0,0.00,991.9,18.3,842.0
2026-02-17T18:00,37.6,33,18.6,0.00,991.2,17.0,785.0
2026-02-17T19:00,37.8,32,18.0,0.00,990.0,15.9,603.0
2026-02-17T20:00,37.4,32,17.9,0.00,989.7,12.0,454.0
2026-02-17T21:00,36.7,35,18.6,0.00,989.6,6.4,254.0
2026-02-17T22:00,34.3,45,20.7,0.00,990.0,5.3,93.0
2026-02-17T23:00,32.3,51,20.8,0.00,990.4,10.2,4.0
2026-02-18T00:00,31.2,64,23.6,0.00,990.7,14.5,0.0
2026-02-18T01:00,30.5,66,23.6,0.00,991.1,17.5,0.0
2026-02-18T02:00,29.8,70,23.7,0.00,991.7,14.8,0.0
2026-02-18T03:00,29.0,73,23.7,0.00,991.9,14.1,0.0
2026-02-18T04:00,28.4,73,23.1,0.00,991.9,14.5,0.0
2026-02-18T05:00,28.0,73,22.6,0.00,991.7,13.5,0.0
2026-02-18T06:00,28.0,71,22.4,0.00,990.8,8.6,0.0
2026-02-18T07:00,27.6,73,22.4,0.00,990.7,8.7,0.0
2026-02-18T08:00,27.2,75,22.4,0.00,990.7,7.8,0.0
2026-02-18T09:00,26.6,77,22.3,0.00,991.1,7.5,0.0
2026-02-18T10:00,26.5,77,22.1,0.00,991.5,7.8,3.0
2026-02-18T11:00,28.9,69,22.7,0.00,992.3,9.0,99.0
2026-02-18T12:00,30.5,63,22.6,0.00,993.1,10.0,297.0
2026-02-18T13:00,33.5,54,23.0,0.00,992.7,11.3,488.0
2026-02-18T14:00,35.7,47,22.8,0.00,992.6,12.3,688.0
2026-02-18T15:00,37.2,41,21.9,0.00,992.2,13.9,818.0
2026-02-18T16:00,37.8,38,21.0,0.00,991.6,13.2,780.0
2026-02-18T17:00,38.2,37,21.0,0.00,991.2,10.8,669.0
2026-02-18T18:00,38.4,34,19.5,0.00,990.3,9.4,481.0
2026-02-18T19:00,38.2,34,19.5,0.00,989.7,8.2,547.0
2026-02-18T20:00,37.7,33,18.8,0.00,988.7,8.6,394.0
2026-02-18T21:00,35.2,41,20.0,0.10,988.4,18.3,207.0
2026-02-18T22:00,32.6,58,23.2,0.00,988.5,15.1,83.0
2026-02-18T23:00,31.4,63,23.4,0.00,988.9,14.4,4.0
2026-02-19T00:00,31.6,56,21.8,0.00,988.7,15.7,0.0
2026-02-19T01:00,31.0,60,22.2,0.00,989.3,15.2,0.0
2026-02-19T02:00,30.0,65,22.9,0.00,989.3,15.1,0.0
2026-02-19T03:00,29.4,69,23.0,0.00,989.3,14.5,0.0
2026-02-19T04:00,28.8,71,23.0,0.00,989.6,12.4,0.0
2026-02-19T05:00,28.1,74,23.1,0.00,989.4,11.9,0.0
2026-02-19T06:00,27.7,76,23.0,0.00,988.9,13.0,0.0
2026-02-19T07:00,27.2,77,22.8,0.00,988.4,14.8,0.0
2026-02-19T08:00,26.9,76,22.2,0.00,988.1,15.2,0.0
2026-02-19T09:00,26.5,72,21.2,0.00,987.9,16.0,0.0
2026-02-19T10:00,26.5,70,20.5,0.00,988.2,15.9,3.0
2026-02-19T11:00,28.0,65,20.8,0.00,988.9,14.0,101.0
2026-02-19T12:00,30.2,59,21.3,0.10,989.8,12.9,247.0
2026-02-19T13:00,32.6,51,21.2,0.00,990.2,14.6,418.0
2026-02-19T14:00,34.2,46,21.0,0.00,989.8,18.3,565.0
2026-02-19T15:00,36.2,38,19.7,0.40,989.6,21.6,748.0
2026-02-19T16:00,36.3,40,20.5,0.00,988.9,21.1,508.0
2026-02-19T17:00,37.8,36,20.4,0.00,987.8,20.2,771.0
2026-02-19T18:00,37.2,36,19.6,0.20,988.4,23.9,524.0
2026-02-19T19:00,36.7,39,20.4,0.00,988.3,12.8,306.0
2026-02-19T20:00,34.2,47,21.2,0.00,987.8,11.3,96.0
2026-02-19T21:00,30.6,61,22.4,0.20,988.5,22.8,48.0
2026-02-19T22:00,25.4,90,23.6,3.30,988.6,11.3,16.0
2026-02-19T23:00,25.4,92,24.0,0.00,989.2,11.0,1.0
2026-02-20T00:00,23.3,85,20.6,0.00,989.6,10.1,0.0
2026-02-20T01:00,23.1,86,20.7,0.00,990.8,9.5,0.0
2026-02-20T02:00,22.9,87,20.6,0.00,990.4,12.4,0.0
2026-02-20T03:00,22.8,87,20.5,0.00,990.3,11.0,0.0
2026-02-20T04:00,22.6,88,20.5,0.00,990.3,6.4,0.0
2026-02-20T05:00,22.5,88,20.5,0.00,989.9,2.4,0.0
2026-02-20T06:00,22.2,89,20.3,0.00,990.1,9.7,0.0
2026-02-20T07:00,22.0,90,20.3,0.00,990.7,14.5,0.0
2026-02-20T08:00,22.4,91,20.9,0.00,990.6,13.9,0.0
2026-02-20T09:00,22.5,94,21.6,0.00,990.7,14.9,0.0
2026-02-20T10:00,22.8,91,21.2,1.20,991.5,13.7,0.0
2026-02-20T11:00,23.1,92,21.6,0.20,991.4,7.5,31.0
2026-02-20T12:00,23.7,84,20.9,7.50,992.6,16.1,71.0
2026-02-20T13:00,24.0,85,21.4,1.80,993.5,8.6,41.0
2026-02-20T14:00,24.0,88,21.9,5.40,992.9,11.2,22.0
2026-02-20T15:00,25.9,80,22.1,0.00,992.4,7.3,189.0
2026-02-20T16:00,27.8,71,22.0,0.10,992.1,9.8,685.0
2026-02-20T17:00,27.7,69,21.5,0.00,991.8,10.2,29.0
2026-02-20T18:00,27.5,69,21.4,0.00,991.7,15.7,130.0
2026-02-20T19:00,27.5,70,21.5,0.00,991.2,15.3,251.0
2026-02-20T20:00,27.3,70,21.2,0.10,990.8,13.1,93.0
2026-02-20T21:00,27.1,70,21.1,0.00,990.3,11.3,43.0
2026-02-20T22:00,26.5,73,21.3,0.00,990.2,7.2,92.0
2026-02-20T23:00,25.4,76,20.9,0.00,990.1,8.7,3.0
2026-02-21T00:00,25.6,73,20.4,0.00,990.8,14.4,0.0
2026-02-21T01:00,25.2,75,20.5,0.00,991.6,14.0,0.0
2026-02-21T02:00,24.9,76,20.2,0.00,991.9,12.5,0.0
2026-02-21T03:00,24.1,79,20.3,0.00,992.0,10.5,0.0
2026-02-21T04:00,23.5,83,20.5,0.00,991.9,9.1,0.0
2026-02-21T05:00,23.0,87,20.8,0.00,991.7,9.8,0.0
2026-02-21T06:00,22.6,89,20.8,0.00,991.6,9.6,0.0
2026-02-21T07:00,22.1,91,20.6,0.00,991.4,11.0,0.0
2026-02-21T08:00,21.8,93,20.5,0.00,991.3,11.4,0.0
2026-02-21T09:00,21.5,94,20.5,0.00,991.7,11.7,0.0
2026-02-21T10:00,21.6,94,20.5,0.00,992.2,12.7,3.0
2026-02-21T11:00,23.0,87,20.7,0.00,993.0,14.0,100.0
2026-02-21T12:00,24.5,79,20.6,0.00,993.2,14.7,302.0
2026-02-21T13:00,26.0,74,20.9,0.00,993.5,13.2,513.0
2026-02-21T14:00,27.4,69,21.2,0.00,993.5,11.8,696.0
2026-02-21T15:00,28.7,64,21.3,0.00,993.1,11.2,829.0
2026-02-21T16:00,29.8,60,21.1,0.00,992.6,11.4,892.0
2026-02-21T17:00,30.5,55,20.5,0.00,992.1,12.5,869.0
2026-02-21T18:00,31.1,52,20.1,0.00,991.3,14.1,807.0
2026-02-21T19:00,31.1,51,19.8,0.00,990.4,14.7,635.0
2026-02-21T20:00,30.7,51,19.4,0.00,989.8,15.4,499.0
2026-02-21T21:00,29.9,53,19.2,0.00,989.1,16.8,283.0
2026-02-21T22:00,28.5,59,19.8,0.00,989.3,12.7,107.0
2026-02-21T23:00,27.1,63,19.5,0.00,989.7,10.7,3.0
2026-02-22T00:00,27.5,60,19.1,0.00,990.6,11.8,0.0
2026-02-22T01:00,26.6,65,19.5,0.00,991.4,12.9,0.0
2026-02-22T02:00,26.2,70,20.2,0.00,991.9,14.4,0.0
2026-02-22T03:00,25.8,74,20.8,0.00,991.8,14.1,0.0
2026-02-22T04:00,25.2,78,21.1,0.00,991.3,15.0,0.0
2026-02-22T05:00,24.8,80,21.0,0.00,990.8,14.4,0.0
2026-02-22T06:00,24.0,83,20.9,0.00,990.4,15.1,0.0
2026-02-22T07:00,23.2,85,20.6,0.00,990.4,12.3,0.0
2026-02-22T08:00,22.7,87,20.5,0.00,990.5,10.3,0.0
2026-02-22T09:00,22.5,86,20.1,0.00,990.5,9.4,0.0
2026-02-22T10:00,22.4,87,20.0,0.00,990.7,11.1,1.0
2026-02-22T11:00,24.0,81,20.5,0.00,991.5,10.6,100.0
2026-02-22T12:00,26.1,74,21.2,0.00,991.9,12.3,298.0
2026-02-22T13:00,28.0,70,22.0,0.00,992.1,10.6,495.0
2026-02-22T14:00,30.0,64,22.4,0.00,992.1,8.9,693.0
2026-02-22T15:00,31.7,52,20.8,0.00,991.7,6.1,732.0
2026-02-22T16:00,32.8,45,19.1,0.00,991.2,5.3,761.0
2026-02-22T17:00,33.0,42,18.4,0.00,990.7,5.6,638.0
2026-02-22T18:00,33.0,38,17.0,0.00,989.5,1.3,660.0
2026-02-22T19:00,33.8,37,17.0,0.00,988.5,5.0,542.0
2026-02-22T20:00,33.2,39,17.2,0.10,988.2,6.7,269.0
2026-02-22T21:00,31.8,45,18.4,0.00,988.4,11.3,153.0
2026-02-22T22:00,28.8,66,21.7,0.00,988.6,12.2,14.0
2026-02-22T23:00,27.7,69,21.6,0.00,988.9,9.6,0.0
2026-02-23T00:00,28.0,64,20.5,0.00,989.0,5.7,0.0
2026-02-23T01:00,27.4,66,20.5,0.00,989.5,3.8,0.0
2026-02-23T02:00,26.6,70,20.7,0.00,989.7,4.4,0.0
2026-02-23T03:00,25.5,78,21.4,0.00,989.7,14.1,0.0
2026-02-23T04:00,24.9,80,21.2,0.00,989.4,10.8,0.0
2026-02-23T05:00,24.6,81,21.2,0.00,988.7,10.2,0.0
2026-02-23T06:00,24.5,82,21.2,0.00,988.3,10.3,0.0
2026-02-23T07:00,24.0,86,21.6,0.00,988.5,11.1,0.0
2026-02-23T08:00,23.9,87,21.5,0.00,988.6,10.7,0.0
2026-02-23T09:00,23.5,86,21.0,0.00,989.1,10.5,0.0
2026-02-23T10:00,23.3,86,20.9,0.00,989.9,11.7,2.0
2026-02-23T11:00,24.5,81,21.0,0.00,990.4,13.0,62.0
2026-02-23T12:00,26.0,76,21.5,0.00,990.7,14.1,231.0
2026-02-23T13:00,28.0,66,21.1,0.00,991.0,13.7,351.0
2026-02-23T14:00,29.7,59,20.9,0.00,991.1,15.5,562.0
2026-02-23T15:00,30.8,57,21.2,0.10,990.4,17.0,668.0
2026-02-23T16:00,31.5,54,21.1,0.00,989.1,16.7,745.0
2026-02-23T17:00,31.8,52,20.8,0.00,988.3,14.8,516.0
2026-02-23T18:00,31.6,50,19.8,0.00,987.8,8.5,34.0
2026-02-23T19:00,26.2,78,22.1,0.80,987.8,9.4,70.0
2026-02-23T20:00,23.9,85,21.3,12.90,988.7,11.1,219.0
2026-02-23T21:00,23.2,92,21.9,0.40,986.7,4.3,29.0
2026-02-23T22:00,23.5,92,22.2,0.20,987.8,4.9,62.0
2026-02-23T23:00,23.0,97,22.5,0.00,987.6,7.7,2.0
2026-02-24T00:00,23.2,94,22.1,0.00,988.2,14.3,0.0
2026-02-24T01:00,23.2,95,22.5,0.00,988.4,10.3,0.0
2026-02-24T02:00,23.3,97,22.8,0.00,989.0,10.6,0.0
2026-02-24T03:00,23.0,97,22.6,0.00,989.0,9.3,0.0
2026-02-24T04:00,22.9,98,22.5,0.00,988.8,9.5,0.0
2026-02-24T05:00,22.8,97,22.2,0.00,988.2,10.3,0.0
2026-02-24T06:00,23.0,96,22.3,0.00,987.2,9.6,0.0
2026-02-24T07:00,23.1,94,22.1,0.00,986.9,8.1,0.0
2026-02-24T08:00,22.5,96,21.9,0.00,986.8,6.2,0.0
2026-02-24T09:00,22.1,97,21.6,0.00,987.4,5.6,0.0
2026-02-24T10:00,22.2,96,21.6,0.00,988.2,5.3,1.0
2026-02-24T11:00,24.0,89,22.0,0.00,989.1,4.9,82.0
2026-02-24T12:00,25.0,90,23.2,0.00,989.8,4.9,242.0
2026-02-24T13:00,26.7,80,22.9,0.10,989.9,5.3,407.0
2026-02-24T14:00,28.1,72,22.6,0.30,989.7,7.9,608.0
2026-02-24T15:00,29.0,69,22.8,0.30,989.3,7.6,600.0
2026-02-24T16:00,29.6,68,23.0,0.20,988.6,7.4,581.0
2026-02-24T17:00,30.7,62,22.6,0.10,987.8,10.3,655.0
2026-02-24T18:00,31.0,56,21.4,0.00,986.9,10.2,139.0
2026-02-24T19:00,31.4,55,21.4,0.00,986.4,10.2,517.0
2026-02-24T20:00,31.1,52,20.0,0.00,986.0,12.1,396.0
2026-02-24T21:00,30.2,56,20.5,0.00,986.1,9.8,63.0
2026-02-24T22:00,28.9,62,20.9,0.00,986.6,7.4,24.0
2026-02-24T23:00,27.4,67,20.8,0.00,987.1,6.3,1.0
2026-02-25T00:00,26.6,70,20.7,0.00,987.6,7.8,0.0
2026-02-25T01:00,26.3,71,20.7,0.00,988.2,7.8,0.0
2026-02-25T02:00,25.4,76,20.9,0.00,988.3,5.4,0.0
2026-02-25T03:00,24.6,80,21.0,0.00,988.5,3.7,0.0
2026-02-25T04:00,24.4,80,20.8,0.00,988.4,2.4,0.0
2026-02-25T05:00,23.9,82,20.6,0.00,987.9,5.0,0.0
2026-02-25T06:00,23.2,83,20.2,0.00,987.9,4.7,0.0
2026-02-25T07:00,22.6,87,20.2,0.00,988.1,6.3,0.0
2026-02-25T08:00,22.0,92,20.5,0.00,988.3,6.2,0.0
2026-02-25T09:00,21.8,95,20.9,0.00,988.8,7.6,0.0
2026-02-25T10:00,21.8,96,21.2,0.00,989.7,10.6,0.0
2026-02-25T11:00,23.4,90,21.7,0.00,990.4,11.3,63.0
2026-02-25T12:00,26.2,75,21.5,0.00,990.9,12.5,279.0
2026-02-25T13:00,28.2,61,20.0,0.00,991.4,16.6,501.0
2026-02-25T14:00,29.3,55,19.2,0.00,991.5,16.6,634.0
2026-02-25T15:00,30.1,50,18.6,0.00,991.0,16.9,717.0
2026-02-25T16:00,30.9,45,17.6,0.00,990.5,18.2,738.0
2026-02-25T17:00,31.1,43,17.0,0.00,990.2,19.1,731.0
2026-02-25T18:00,31.5,38,15.4,0.00,989.2,22.6,676.0
2026-02-25T19:00,31.2,39,15.6,0.00,988.7,22.9,613.0
2026-02-25T20:00,30.6,40,15.6,0.00,988.3,22.2,482.0
2026-02-25T21:00,29.6,44,15.9,0.00,988.2,21.8,298.0
2026-02-25T22:00,27.8,51,16.8,0.00,988.4,18.6,96.0
2026-02-25T23:00,26.4,57,17.1,0.00,989.0,16.7,2.0
2026-02-26T00:00,26.0,59,17.5,0.00,989.5,15.8,0.0
2026-02-26T01:00,25.2,64,17.9,0.00,989.9,16.0,0.0
2026-02-26T02:00,24.5,68,18.2,0.00,990.2,14.4,0.0
2026-02-26T03:00,23.6,73,18.5,0.00,990.0,13.4,0.0
2026-02-26T04:00,22.8,78,18.8,0.00,989.9,12.0,0.0
2026-02-26T05:00,22.1,82,18.9,0.00,989.6,12.1,0.0
2026-02-26T06:00,21.4,85,18.6,0.00,989.7,11.9,0.0
2026-02-26T07:00,20.5,89,18.5,0.00,989.6,10.2,0.0
2026-02-26T08:00,20.0,91,18.4,0.00,989.8,9.9,0.0
2026-02-26T09:00,19.5,92,18.2,0.00,990.2,9.7,0.0
2026-02-26T10:00,19.4,93,18.2,0.00,990.8,9.8,2.0
2026-02-26T11:00,21.3,86,18.8,0.00,991.4,10.8,97.0
2026-02-26T12:00,23.5,74,18.6,0.00,992.0,11.5,304.0
2026-02-26T13:00,25.4,62,17.6,0.00,992.4,11.7,521.0
2026-02-26T14:00,26.8,54,16.7,0.00,992.3,11.3,707.0
2026-02-26T15:00,28.0,49,16.2,0.00,992.0,11.7,842.0
2026-02-26T16:00,28.9,45,15.6,0.00,991.4,12.9,912.0
2026-02-26T17:00,29.5,40,14.4,0.00,990.8,14.0,913.0
2026-02-26T18:00,30.0,35,12.8,0.00,989.9,16.3,847.0
2026-02-26T19:00,29.9,37,13.8,0.00,989.3,15.9,715.0
2026-02-26T20:00,29.5,38,13.8,0.00,988.8,15.7,527.0
2026-02-26T21:00,28.6,41,14.1,0.00,988.7,15.3,309.0
2026-02-26T22:00,27.0,48,14.9,0.00,988.8,10.9,100.0
2026-02-26T23:00,25.1,54,15.3,0.00,988.9,9.8,2.0
2026-02-27T00:00,24.4,59,15.8,0.00,989.5,9.8,0.0
2026-02-27T01:00,23.8,61,15.8,0.00,990.2,11.7,0.0
2026-02-27T02:00,23.1,64,15.8,0.00,990.5,13.6,0.0
2026-02-27T03:00,22.5,66,15.9,0.00,990.6,14.2,0.0
2026-02-27T04:00,22.0,69,16.1,0.00,990.1,15.6,0.0
2026-02-27T05:00,21.4,73,16.4,0.00,989.8,14.8,0.0
2026-02-27T06:00,20.4,77,16.1,0.00,989.3,15.3,0.0
2026-02-27T07:00,19.5,82,16.2,0.00,989.2,14.7,0.0
2026-02-27T08:00,19.0,83,16.0,0.00,989.4,13.3,0.0
2026-02-27T09:00,18.5,83,15.6,0.00,989.9,13.2,0.0
2026-02-27T10:00,18.2,84,15.4,0.00,990.5,10.3,2.0
2026-02-27T11:00,20.0,76,15.8,0.00,991.5,10.7,96.0
2026-02-27T12:00,22.4,65,15.4,0.00,991.6,12.5,303.0
2026-02-27T13:00,24.2,58,15.4,0.00,992.2,10.2,340.0
2026-02-27T14:00,25.8,53,15.4,0.00,992.7,7.8,305.0
2026-02-27T15:00,27.2,49,15.4,0.00,992.5,7.1,326.0
2026-02-27T16:00,28.8,45,15.5,0.00,991.6,7.6,523.0
2026-02-27T17:00,30.1,40,15.0,0.00,991.3,8.0,805.0
2026-02-27T18:00,30.9,37,14.6,0.00,990.4,11.1,432.0
2026-02-27T19:00,31.0,36,14.0,0.00,989.8,12.8,428.0
2026-02-27T20:00,30.0,36,13.4,0.00,989.5,13.9,135.0
2026-02-27T21:00,29.0,36,12.6,0.00,989.4,14.9,53.0
2026-02-27T22:00,27.5,42,13.2,0.00,989.1,11.6,36.0
2026-02-27T23:00,25.5,49,13.9,0.00,989.3,9.7,1.0
2026-02-28T00:00,25.1,52,14.6,0.00,990.0,13.1,0.0
2026-02-28T01:00,24.1,58,15.2,0.00,990.5,13.4,0.0
2026-02-28T02:00,23.6,61,15.6,0.00,991.0,13.5,0.0
2026-02-28T03:00,23.0,64,15.9,0.00,991.0,13.1,0.0
2026-02-28T04:00,22.1,68,16.0,0.00,990.4,12.6,0.0
2026-02-28T05:00,21.8,70,16.1,0.00,990.0,12.5,0.0
2026-02-28T06:00,22.4,69,16.4,0.00,989.8,11.2,0.0
2026-02-28T07:00,21.9,71,16.4,0.00,989.7,11.2,0.0
2026-02-28T08:00,21.6,71,16.1,0.00,989.7,9.6,0.0
2026-02-28T09:00,21.0,74,16.0,0.00,990.1,8.3,0.0
2026-02-28T10:00,20.1,78,16.0,0.00,990.3,7.5,1.0
2026-02-28T11:00,21.8,73,16.8,0.00,991.0,8.2,19.0
2026-02-28T12:00,24.6,61,16.5,0.00,991.6,9.6,26.0
2026-02-28T13:00,27.2,54,17.1,0.00,992.0,8.7,522.0
2026-02-28T14:00,29.3,49,17.5,0.00,992.1,6.5,697.0
2026-02-28T15:00,31.2,41,16.5,0.00,992.0,4.1,830.0
2026-02-28T16:00,32.7,34,14.8,0.00,991.6,3.0,899.0
2026-02-28T17:00,33.6,29,13.2,0.00,991.1,4.4,898.0
2026-02-28T18:00,34.3,25,11.7,0.00,990.2,7.9,813.0
2026-02-28T19:00,34.2,26,12.0,0.00,990.0,10.1,627.0
2026-02-28T20:00,33.7,27,12.3,0.00,989.5,11.3,457.0
2026-02-28T21:00,32.4,32,13.5,0.00,989.4,12.6,254.0
2026-02-28T22:00,29.9,33,12.1,0.00,989.5,14.3,78.0
2026-02-28T23:00,28.2,36,11.9,0.00,990.0,14.9,1.0
2026-03-01T00:00,27.6,38,12.2,0.00,990.3,13.5,0.0
2026-03-01T01:00,26.9,45,14.1,0.00,991.0,16.3,0.0
2026-03-01T02:00,25.9,56,16.5,0.00,991.5,14.0,0.0
2026-03-01T03:00,24.9,62,17.0,0.00,991.7,12.9,0.0
2026-03-01T04:00,24.1,65,17.2,0.00,991.5,12.9,0.0
2026-03-01T05:00,23.5,69,17.5,0.00,991.1,11.9,0.0
2026-03-01T06:00,22.6,73,17.5,0.00,991.1,9.8,0.0
2026-03-01T07:00,21.6,78,17.6,0.00,990.9,8.7,0.0
2026-03-01T08:00,21.1,80,17.6,0.00,990.9,8.2,0.0
2026-03-01T09:00,20.8,81,17.5,0.00,991.0,8.4,0.0
2026-03-01T10:00,20.5,83,17.4,0.00,991.6,7.0,1.0
2026-03-01T11:00,22.7,76,18.2,0.00,992.4,8.7,90.0
2026-03-01T12:00,26.0,62,18.2,0.00,992.4,6.5,292.0
2026-03-01T13:00,28.7,54,18.5,0.00,992.8,6.5,506.0
2026-03-01T14:00,31.0,44,17.2,0.00,992.6,4.8,689.0
2026-03-01T15:00,32.5,35,14.9,0.00,992.0,2.4,821.0
2026-03-01T16:00,33.5,32,14.6,0.00,991.3,3.1,889.0
2026-03-01T17:00,34.0,31,14.6,0.00,990.8,6.6,800.0
2026-03-01T18:00,33.4,32,14.4,0.00,989.7,9.7,568.0
2026-03-01T19:00,33.2,32,14.3,0.00,988.8,9.0,534.0
2026-03-01T20:00,33.0,33,14.4,0.00,988.2,8.8,461.0
2026-03-01T21:00,32.0,36,15.1,0.00,987.9,9.9,255.0
2026-03-01T22:00,29.9,43,16.1,0.00,988.0,9.7,75.0
2026-03-01T23:00,28.4,42,14.2,0.00,988.3,14.2,1.0
2026-03-02T00:00,27.9,44,14.6,0.00,987.9,12.7,0.0
2026-03-02T01:00,27.0,48,15.2,0.00,988.6,9.8,0.0
2026-03-02T02:00,25.9,55,16.0,0.00,988.9,11.9,0.0
2026-03-02T03:00,25.2,60,17.0,0.00,989.0,11.1,0.0
2026-03-02T04:00,24.2,64,17.1,0.00,988.9,8.2,0.0
2026-03-02T05:00,23.5,68,17.1,0.00,988.6,7.8,0.0
2026-03-02T06:00,23.0,68,16.8,0.00,987.9,9.3,0.0
2026-03-02T07:00,22.5,68,16.5,0.00,987.9,11.1,0.0
2026-03-02T08:00,22.2,70,16.4,0.00,988.0,10.7,0.0
2026-03-02T09:00,21.8,72,16.5,0.00,988.0,9.7,0.0
2026-03-02T10:00,21.8,73,16.6,0.00,988.4,10.4,1.0
2026-03-02T11:00,23.6,70,17.8,0.00,989.1,12.7,86.0
2026-03-02T12:00,26.5,60,18.1,0.00,989.1,10.1,275.0
2026-03-02T13:00,29.0,52,18.3,0.00,989.2,11.2,300.0
2026-03-02T14:00,31.4,48,19.0,0.00,989.2,7.5,575.0
2026-03-02T15:00,33.2,44,19.2,0.00,988.8,7.3,675.0
2026-03-02T16:00,34.4,40,18.8,0.00,988.1,14.4,771.0
2026-03-02T17:00,35.1,39,19.0,0.00,987.5,13.2,813.0
2026-03-02T18:00,34.0,36,17.0,0.00,986.5,13.0,680.0
2026-03-02T19:00,34.3,35,16.9,0.00,985.8,9.4,433.0
2026-03-02T20:00,34.6,34,16.3,0.00,985.4,8.8,395.0
2026-03-02T21:00,33.8,35,16.3,0.00,985.4,10.2,231.0
2026-03-02T22:00,32.0,41,17.0,0.00,985.6,9.9,73.0
2026-03-02T23:00,30.4,44,16.9,0.00,985.9,11.0,1.0
2026-03-03T00:00,30.4,46,17.5,0.00,986.1,11.1,0.0
2026-03-03T01:00,29.4,52,18.5,0.00,987.0,15.6,0.0
2026-03-03T02:00,28.7,55,18.8,0.00,987.5,16.6,0.0
2026-03-03T03:00,27.8,60,19.4,0.00,987.5,16.3,0.0
2026-03-03T04:00,27.5,61,19.2,0.00,987.4,14.9,0.0
2026-03-03T05:00,27.0,62,19.1,0.00,987.2,14.4,0.0
2026-03-03T06:00,26.9,64,19.4,0.00,987.1,14.6,0.0
2026-03-03T07:00,26.1,66,19.3,0.00,987.5,14.3,0.0
2026-03-03T08:00,25.5,69,19.4,0.00,987.9,13.3,0.0
2026-03-03T09:00,25.2,70,19.4,0.00,987.9,16.0,0.0
2026-03-03T10:00,25.0,70,19.2,0.00,988.4,14.5,1.0
2026-03-03T11:00,26.1,67,19.6,0.00,989.6,13.3,79.0
2026-03-03T12:00,29.1,56,19.4,0.00,990.1,19.2,223.0
2026-03-03T13:00,29.5,57,20.1,0.60,990.8,5.6,345.0
2026-03-03T14:00,27.1,76,22.5,3.10,991.3,15.2,265.0
2026-03-03T15:00,31.1,57,21.5,0.00,990.9,13.0,436.0
2026-03-03T16:00,34.8,42,20.0,0.00,989.7,18.4,629.0
2026-03-03T17:00,35.2,39,19.1,0.00,989.8,18.1,756.0
2026-03-03T18:00,35.2,34,17.2,0.00,989.3,12.7,612.0
2026-03-03T19:00,33.2,40,17.9,0.10,989.0,14.2,88.0
2026-03-03T20:00,28.0,64,20.5,0.10,989.1,19.9,129.0
2026-03-03T21:00,28.3,64,21.0,0.00,989.1,18.1,52.0
2026-03-03T22:00,28.0,68,21.6,0.00,989.6,15.2,55.0
2026-03-03T23:00,26.5,74,21.5,0.00,990.0,12.7,0.0
2026-03-04T00:00,26.6,75,21.9,0.00,990.4,6.2,0.0
2026-03-04T01:00,26.0,80,22.3,0.00,990.7,10.8,0.0
2026-03-04T02:00,25.6,82,22.2,0.00,990.7,10.2,0.0
2026-03-04T03:00,25.4,82,22.1,0.00,990.6,7.8,0.0
2026-03-04T04:00,24.8,84,22.0,0.00,990.8,5.5,0.0
2026-03-04T05:00,25.0,81,21.6,0.00,990.4,7.8,0.0
2026-03-04T06:00,24.6,78,20.5,0.00,990.3,7.6,0.0
2026-03-04T07:00,24.0,81,20.5,0.00,990.6,5.1,0.0
2026-03-04T08:00,23.1,86,20.6,0.00,991.1,3.1,0.0
2026-03-04T09:00,23.0,87,20.6,0.00,991.0,3.2,0.0
2026-03-04T10:00,23.1,85,20.5,0.00,991.4,4.4,0.0
2026-03-04T11:00,25.4,76,20.9,0.00,991.8,8.2,63.0
2026-03-04T12:00,26.2,76,21.8,0.00,992.0,10.9,270.0
2026-03-04T13:00,28.8,66,21.9,0.00,993.0,6.6,215.0
2026-03-04T14:00,30.2,62,22.2,0.00,993.3,5.4,535.0
2026-03-04T15:00,31.0,59,22.0,0.00,993.0,9.0,432.0
2026-03-04T16:00,32.2,53,21.5,0.00,992.0,9.9,312.0
2026-03-04T17:00,33.7,50,21.7,0.00,991.6,8.1,768.0
2026-03-04T18:00,27.5,71,21.9,6.20,991.6,3.8,636.0
2026-03-04T19:00,29.0,69,22.6,0.00,992.2,4.7,114.0
2026-03-04T20:00,28.6,68,22.2,0.50,992.1,12.9,7.0
2026-03-04T21:00,27.0,78,22.8,0.20,991.2,13.6,6.0
2026-03-04T22:00,26.0,79,22.0,0.00,991.0,11.4,24.0
2026-03-04T23:00,25.0,81,21.5,0.00,990.8,8.2,0.0
2026-03-05T00:00,24.6,88,22.5,0.00,992.4,4.5,0.0
2026-03-05T01:00,24.2,91,22.7,0.00,992.8,4.5,0.0
2026-03-05T02:00,24.2,89,22.3,0.00,992.9,7.1,0.0
2026-03-05T03:00,23.9,89,21.9,0.00,993.2,9.0,0.0
2026-03-05T04:00,23.4,90,21.6,0.00,992.8,4.2,0.0
2026-03-05T05:00,23.1,90,21.5,0.00,992.4,5.2,0.0
2026-03-05T06:00,23.1,88,21.0,0.00,992.0,4.8,0.0
2026-03-05T07:00,22.4,91,20.8,0.00,992.0,5.5,0.0
2026-03-05T08:00,21.7,95,20.8,0.00,992.0,4.4,0.0
2026-03-05T09:00,21.4,96,20.6,0.00,992.0,2.2,0.0
2026-03-05T10:00,21.3,97,20.8,0.00,992.7,2.3,1.0
2026-03-05T11:00,24.0,87,21.7,0.00,993.6,4.6,78.0
2026-03-05T12:00,26.8,77,22.4,0.00,993.6,4.4,267.0
2026-03-05T13:00,28.5,72,23.0,0.00,993.9,6.1,468.0
2026-03-05T14:00,29.9,68,23.3,0.00,993.8,4.9,609.0
2026-03-05T15:00,31.1,61,22.7,0.00,993.5,1.0,788.0
2026-03-05T16:00,31.9,56,22.1,0.00,993.1,3.6,717.0
2026-03-05T17:00,32.5,55,22.2,0.00,992.6,6.2,711.0
2026-03-05T18:00,31.3,54,20.8,0.00,992.2,9.6,548.0
2026-03-05T19:00,29.5,64,21.9,0.40,991.6,8.9,56.0
2026-03-05T20:00,30.1,60,21.5,0.00,991.3,3.8,42.0
2026-03-05T21:00,30.2,60,21.5,0.00,990.8,2.1,73.0
2026-03-05T22:00,29.0,73,23.5,0.00,990.9,1.1,21.0
2026-03-05T23:00,27.4,76,22.6,0.00,991.4,2.2,0.0
2026-03-06T00:00,26.1,71,20.5,0.00,991.8,8.3,0.0
2026-03-06T01:00,26.0,72,20.7,0.00,992.1,4.3,0.0
2026-03-06T02:00,26.2,71,20.5,0.00,992.2,5.2,0.0
2026-03-06T03:00,26.6,68,20.3,0.00,992.2,6.2,0.0
2026-03-06T04:00,26.2,70,20.4,0.00,991.9,4.5,0.0
2026-03-06T05:00,26.2,68,19.9,0.00,991.3,5.6,0.0
2026-03-06T06:00,26.5,68,20.0,0.00,991.0,3.6,0.0
2026-03-06T07:00,25.1,75,20.3,0.00,990.7,4.0,0.0
2026-03-06T08:00,25.4,72,20.0,0.00,990.4,1.0,0.0
2026-03-06T09:00,24.9,74,19.8,0.00,990.5,3.5,0.0
2026-03-06T10:00,24.1,78,20.0,0.00,991.0,7.4,0.0
2026-03-06T11:00,26.0,74,21.0,0.00,991.8,7.5,64.0
2026-03-06T12:00,27.3,70,21.3,0.00,992.1,8.7,197.0
2026-03-06T13:00,29.6,60,21.0,0.00,991.6,9.1,487.0
2026-03-06T14:00,31.6,52,20.7,0.00,992.2,8.8,657.0
2026-03-06T15:00,32.9,46,19.7,0.00,991.9,8.7,692.0
2026-03-06T16:00,33.7,43,19.2,0.00,991.0,12.5,576.0
2026-03-06T17:00,34.0,41,18.9,0.00,990.4,12.7,648.0
2026-03-06T18:00,33.8,37,16.9,0.60,989.5,12.4,439.0
2026-03-06T19:00,32.8,40,17.5,0.00,989.0,14.0,162.0
2026-03-06T20:00,30.4,50,18.7,0.00,989.2,18.3,51.0
2026-03-06T21:00,27.8,65,20.5,0.00,989.1,12.3,40.0
2026-03-06T22:00,27.4,69,21.0,0.00,989.5,7.8,4.0
2026-03-06T23:00,26.7,72,21.3,0.00,990.1,8.4,0.0
2026-03-07T00:00,24.0,85,21.4,0.00,991.3,13.8,0.0
2026-03-07T01:00,23.5,88,21.5,0.00,991.2,12.4,0.0
2026-03-07T02:00,23.4,91,21.8,0.00,990.9,10.8,0.0
2026-03-07T03:00,23.3,91,21.8,0.00,990.7,8.3,0.0
2026-03-07T04:00,23.1,92,21.6,0.00,991.2,6.9,0.0
2026-03-07T05:00,23.0,91,21.4,0.00,990.6,6.7,0.0
2026-03-07T06:00,22.6,91,21.0,0.00,990.6,7.6,0.0
2026-03-07T07:00,22.4,92,21.0,0.00,990.4,6.2,0.0
2026-03-07T08:00,22.0,94,20.9,0.00,990.1,4.8,0.0
2026-03-07T09:00,22.0,93,20.9,0.00,990.2,6.2,0.0
2026-03-07T10:00,22.1,93,21.0,0.00,990.4,8.0,0.0
2026-03-07T11:00,23.9,86,21.4,0.00,990.3,7.5,74.0
2026-03-07T12:00,24.8,81,21.4,0.00,991.3,3.7,248.0
2026-03-07T13:00,26.8,74,21.7,0.00,991.5,3.1,293.0
2026-03-07T14:00,27.8,71,22.0,0.00,991.8,7.1,242.0
2026-03-07T15:00,28.4,68,21.8,0.00,991.7,9.3,119.0
2026-03-07T16:00,29.2,63,21.6,0.00,991.0,10.4,167.0
2026-03-07T17:00,29.5,61,21.3,0.00,990.4,12.7,220.0
2026-03-07T18:00,27.8,71,22.0,0.80,990.2,12.7,121.0
2026-03-07T19:00,26.0,82,22.8,2.70,989.9,14.4,18.0
2026-03-07T20:00,26.3,78,22.1,0.10,989.3,10.3,74.0
2026-03-07T21:00,27.1,74,22.1,0.00,989.5,9.3,191.0
2026-03-07T22:00,26.1,77,21.9,0.00,988.9,9.0,48.0
2026-03-07T23:00,25.0,82,21.8,0.00,989.1,5.9,0.0
2026-03-08T00:00,25.3,83,22.2,0.00,989.8,8.8,0.0
2026-03-08T01:00,24.5,85,21.8,0.00,990.1,8.6,0.0
2026-03-08T02:00,24.0,86,21.5,0.00,990.2,7.8,0.0
2026-03-08T03:00,23.6,88,21.6,0.00,990.5,6.0,0.0
2026-03-08T04:00,23.2,92,21.8,0.00,990.3,5.1,0.0
2026-03-08T05:00,23.0,93,21.8,0.00,989.9,5.3,0.0
2026-03-08T06:00,22.9,90,21.1,0.00,989.6,8.5,0.0
2026-03-08T07:00,22.3,92,20.9,0.00,989.4,6.6,0.0
2026-03-08T08:00,22.2,93,21.0,0.00,989.6,6.9,0.0
2026-03-08T09:00,22.1,93,21.0,0.00,990.0,7.6,0.0
2026-03-08T10:00,22.0,94,21.1,0.00,990.5,7.3,0.0
2026-03-08T11:00,23.6,90,22.0,0.00,991.0,8.2,72.0
2026-03-08T12:00,26.0,81,22.5,0.00,991.5,7.2,263.0
2026-03-08T13:00,27.6,74,22.7,0.00,991.6,7.3,449.0
2026-03-08T14:00,29.1,68,22.6,0.00,991.6,7.0,637.0
2026-03-08T15:00,30.1,64,22.7,0.10,991.4,4.5,766.0
2026-03-08T16:00,30.6,65,23.2,0.20,990.7,3.4,769.0
2026-03-08T17:00,30.8,65,23.3,0.10,990.3,4.0,689.0
2026-03-08T18:00,31.8,58,22.4,0.30,989.2,6.0,546.0
2026-03-08T19:00,30.3,64,22.8,0.10,988.5,11.3,418.0
2026-03-08T20:00,30.2,64,22.6,0.00,988.1,10.0,280.0
2026-03-08T21:00,28.6,72,23.1,1.30,988.3,6.0,152.0
2026-03-08T22:00,28.1,74,23.0,0.00,988.7,9.1,40.0
2026-03-08T23:00,27.1,76,22.6,0.00,989.5,12.1,0.0
2026-03-09T00:00,26.8,70,20.8,0.00,989.7,10.9,0.0
2026-03-09T01:00,25.2,82,21.9,0.20,990.9,13.5,0.0
2026-03-09T02:00,24.6,86,22.1,0.10,990.7,8.6,0.0
2026-03-09T03:00,24.5,88,22.3,0.00,990.7,10.7,0.0
2026-03-09T04:00,24.4,89,22.4,0.00,990.7,14.3,0.0
2026-03-09T05:00,24.2,90,22.5,0.00,990.8,13.1,0.0
2026-03-09T06:00,23.4,90,21.5,0.00,991.2,16.3,0.0
2026-03-09T07:00,23.0,89,21.0,0.00,991.2,14.8,0.0
2026-03-09T08:00,22.5,88,20.4,0.00,990.7,15.1,0.0
2026-03-09T09:00,22.2,87,20.0,0.00,991.1,14.9,0.0
2026-03-09T10:00,21.9,88,19.8,0.00,992.0,14.3,0.0
2026-03-09T11:00,22.2,90,20.5,2.80,993.8,10.4,39.0
2026-03-09T12:00,23.9,82,20.7,0.10,994.5,15.7,6.0
2026-03-09T13:00,24.3,83,21.2,0.30,994.2,12.6,42.0
2026-03-09T14:00,26.6,76,22.1,0.20,994.8,10.3,409.0
2026-03-09T15:00,27.1,75,22.2,0.10,994.7,8.8,157.0
2026-03-09T16:00,29.0,68,22.5,0.00,994.3,7.1,659.0
2026-03-09T17:00,29.2,66,22.2,0.10,993.7,2.7,209.0
2026-03-09T18:00,29.4,67,22.7,0.00,992.9,7.5,315.0
2026-03-09T19:00,29.5,65,22.2,0.10,992.4,8.1,271.0
2026-03-09T20:00,29.4,64,22.0,0.10,991.8,8.8,285.0
2026-03-09T21:00,27.9,72,22.3,0.70,992.1,11.6,222.0
2026-03-09T22:00,27.1,72,21.6,0.00,992.7,10.2,48.0
2026-03-09T23:00,26.1,74,21.1,0.00,992.7,10.4,0.0
2026-03-10T00:00,25.9,73,20.7,0.00,992.6,9.3,0.0
2026-03-10T01:00,25.8,76,21.2,0.00,993.5,13.6,0.0
2026-03-10T02:00,25.1,79,21.3,0.00,993.7,13.0,0.0
2026-03-10T03:00,24.5,83,21.5,0.00,993.8,12.2,0.0
2026-03-10T04:00,24.0,88,21.9,0.00,994.1,12.5,0.0
2026-03-10T05:00,23.5,92,22.0,0.00,993.5,11.8,0.0
2026-03-10T06:00,23.0,94,21.9,0.00,993.6,9.6,0.0
2026-03-10T07:00,22.5,96,21.8,0.00,993.3,8.9,0.0
2026-03-10T08:00,22.2,96,21.5,0.00,993.6,8.0,0.0
2026-03-10T09:00,22.0,97,21.5,0.00,993.6,7.9,0.0
2026-03-10T10:00,21.9,98,21.5,0.00,994.3,7.7,0.0
2026-03-10T11:00,23.4,92,22.0,0.00,994.9,9.5,65.0
2026-03-10T12:00,25.2,83,22.1,0.00,995.4,6.4,236.0
2026-03-10T13:00,26.8,78,22.5,0.00,995.4,4.2,451.0
2026-03-10T14:00,28.6,71,22.8,0.00,995.8,3.6,621.0
2026-03-10T15:00,29.8,67,22.9,0.00,995.4,4.6,503.0
2026-03-10T16:00,30.6,62,22.5,0.00,994.6,5.8,628.0
2026-03-10T17:00,31.5,58,22.1,0.00,993.8,9.4,735.0
2026-03-10T18:00,32.0,54,21.4,0.00,993.5,12.0,565.0
2026-03-10T19:00,31.8,53,21.1,0.00,992.7,12.6,444.0
2026-03-10T20:00,31.4,52,20.4,0.00,992.1,12.9,355.0
2026-03-10T21:00,30.5,55,20.4,0.00,992.1,14.4,164.0
2026-03-10T22:00,29.0,59,20.4,0.00,992.1,12.0,38.0
2026-03-10T23:00,27.9,64,20.5,0.00,992.3,10.9,0.0
2026-03-11T00:00,27.5,67,20.7,0.00,992.8,14.8,0.0
2026-03-11T01:00,26.8,70,20.9,0.00,993.8,15.2,0.0
2026-03-11T02:00,26.5,72,21.0,0.00,993.7,14.2,0.0
2026-03-11T03:00,25.8,76,21.3,0.00,993.6,13.1,0.0
2026-03-11T04:00,25.2,80,21.5,0.00,993.3,13.1,0.0
2026-03-11T05:00,24.5,85,21.9,0.00,993.0,12.4,0.0
2026-03-11T06:00,24.2,86,21.9,0.00,992.2,12.7,0.0
2026-03-11T07:00,23.7,90,22.0,0.00,992.3,11.7,0.0
2026-03-11T08:00,23.4,92,22.0,0.00,991.9,10.5,0.0
2026-03-11T09:00,22.9,95,22.0,0.00,992.4,9.1,0.0
2026-03-11T10:00,22.8,96,22.1,0.00,992.9,10.0,0.0
2026-03-11T11:00,23.8,91,22.2,0.00,993.7,9.5,0.0
2026-03-11T12:00,25.9,82,22.5,0.00,994.0,9.7,22.0
2026-03-11T13:00,27.4,75,22.5,0.00,994.3,7.7,177.0
2026-03-11T14:00,28.6,70,22.5,0.00,994.4,5.5,272.0
2026-03-11T15:00,29.5,65,22.1,0.10,993.7,2.7,282.0
2026-03-11T16:00,30.5,62,22.2,0.10,993.1,1.7,536.0
2026-03-11T17:00,30.8,61,22.4,0.10,992.3,4.6,336.0
2026-03-11T18:00,30.0,61,21.6,0.00,991.9,8.4,379.0
2026-03-11T19:00,29.5,62,21.5,0.50,990.9,7.6,40.0
2026-03-11T20:00,30.0,58,20.9,0.00,990.4,9.1,45.0
2026-03-11T21:00,29.6,57,20.3,0.00,990.6,8.3,21.0
2026-03-11T22:00,28.3,61,20.0,0.00,990.8,6.3,2.0
2026-03-11T23:00,27.5,63,19.9,0.00,991.1,12.1,0.0
2026-03-12T00:00,26.8,67,20.2,0.00,992.1,15.7,0.0
2026-03-12T01:00,26.2,72,20.7,0.00,992.8,17.0,0.0
2026-03-12T02:00,25.6,77,21.4,0.00,992.8,17.0,0.0
2026-03-12T03:00,25.1,80,21.5,0.00,992.9,14.1,0.0
2026-03-12T04:00,24.5,83,21.5,0.00,992.6,11.6,0.0
2026-03-12T05:00,23.9,87,21.5,0.00,992.1,9.4,0.0
2026-03-12T06:00,22.4,91,20.9,0.00,992.1,10.1,0.0
2026-03-12T07:00,21.8,95,20.9,0.00,992.1,10.1,0.0
2026-03-12T08:00,21.5,96,20.8,0.00,992.1,9.4,0.0
2026-03-12T09:00,21.2,97,20.7,0.00,992.5,9.0,0.0
2026-03-12T10:00,21.0,98,20.6,0.00,992.9,8.9,0.0
2026-03-12T11:00,22.7,90,21.0,0.00,993.5,10.3,69.0
2026-03-12T12:00,24.7,81,21.2,0.00,993.8,9.4,256.0
2026-03-12T13:00,26.6,72,21.2,0.00,993.8,9.2,418.0
2026-03-12T14:00,28.4,64,20.9,0.00,993.7,10.1,584.0
2026-03-12T15:00,29.6,56,20.0,0.00,993.3,10.3,721.0
2026-03-12T16:00,30.8,51,19.6,0.00,992.8,11.7,788.0
2026-03-12T17:00,31.2,49,19.2,0.00,992.1,12.8,767.0
2026-03-12T18:00,32.2,44,18.5,0.00,990.6,14.0,685.0
2026-03-12T19:00,32.2,43,18.0,0.00,989.8,14.4,553.0
2026-03-12T20:00,31.4,44,17.8,0.00,989.4,17.3,359.0
2026-03-12T21:00,30.0,49,18.0,0.00,989.6,18.4,174.0
2026-03-12T22:00,28.5,53,18.0,0.00,989.9,16.6,42.0
2026-03-12T23:00,27.0,57,17.8,0.00,990.4,16.7,0.0
2026-03-13T00:00,26.0,57,16.6,0.00,991.4,13.8,0.0
2026-03-13T01:00,25.0,60,16.8,0.00,992.0,12.0,0.0
2026-03-13T02:00,24.4,64,17.1,0.00,992.1,13.1,0.0
2026-03-13T03:00,23.6,67,17.1,0.00,992.1,13.8,0.0
2026-03-13T04:00,22.6,71,17.0,0.00,991.8,11.5,0.0
2026-03-13T05:00,21.8,74,16.9,0.00,991.5,9.3,0.0
2026-03-13T06:00,21.0,76,16.8,0.00,991.3,7.7,0.0
2026-03-13T07:00,20.2,80,16.6,0.00,991.0,8.5,0.0
2026-03-13T08:00,19.8,81,16.5,0.00,990.7,8.4,0.0
2026-03-13T09:00,19.4,83,16.4,0.00,990.7,8.7,0.0
2026-03-13T10:00,19.0,85,16.5,0.00,991.1,9.6,0.0
2026-03-13T11:00,20.9,81,17.4,0.00,991.9,10.8,75.0
2026-03-13T12:00,23.9,70,18.2,0.00,992.4,8.2,272.0
2026-03-13T13:00,26.2,60,17.9,0.00,992.4,6.3,482.0
2026-03-13T14:00,27.6,54,17.4,0.00,992.7,5.5,665.0
2026-03-13T15:00,28.8,49,17.0,0.00,992.5,8.4,794.0
2026-03-13T16:00,29.7,44,16.3,0.00,992.0,10.2,859.0
2026-03-13T17:00,30.2,42,15.8,0.00,991.3,10.6,855.0
2026-03-13T18:00,31.2,39,15.8,0.00,990.4,10.8,782.0
2026-03-13T19:00,31.3,38,15.4,0.00,989.6,10.9,645.0
2026-03-13T20:00,31.0,39,15.6,0.00,989.4,9.5,459.0
2026-03-13T21:00,30.2,44,16.8,0.00,989.3,8.3,244.0
2026-03-13T22:00,28.0,50,16.5,0.00,989.3,9.0,54.0
2026-03-13T23:00,26.5,49,15.1,0.00,989.6,10.6,0.0
2026-03-14T00:00,25.7,50,14.6,0.00,990.1,11.4,0.0
2026-03-14T01:00,24.9,53,14.8,0.00,990.2,10.8,0.0
2026-03-14T02:00,24.1,58,15.3,0.00,990.0,9.2,0.0
2026-03-14T03:00,23.2,63,15.8,0.00,989.9,9.1,0.0
2026-03-14T04:00,22.6,71,17.2,0.00,989.9,9.8,0.0
2026-03-14T05:00,22.2,76,17.9,0.00,989.8,10.2,0.0
2026-03-14T06:00,21.6,78,17.6,0.00,989.6,9.2,0.0
2026-03-14T07:00,20.5,86,18.0,0.00,989.5,7.8,0.0
2026-03-14T08:00,20.1,89,18.3,0.00,989.6,7.1,0.0
2026-03-14T09:00,19.9,91,18.4,0.00,989.8,6.7,0.0
2026-03-14T10:00,19.8,92,18.5,0.00,990.5,6.6,0.0
2026-03-14T11:00,22.0,86,19.5,0.00,991.0,8.5,72.0
2026-03-14T12:00,24.9,75,20.2,0.00,991.1,7.3,266.0
2026-03-14T13:00,27.2,63,19.5,0.00,991.2,7.3,477.0
2026-03-14T14:00,28.8,53,18.1,0.00,991.2,5.2,657.0
2026-03-14T15:00,29.9,49,18.1,0.00,990.9,2.8,786.0
2026-03-14T16:00,30.9,47,18.3,0.00,990.3,1.3,852.0
2026-03-14T17:00,31.6,45,18.2,0.00,989.5,1.2,847.0
2026-03-14T18:00,32.8,38,16.9,0.00,988.4,1.9,772.0
2026-03-14T19:00,33.3,37,16.8,0.00,987.6,1.2,605.0
2026-03-14T20:00,33.2,37,16.5,0.00,987.1,0.4,436.0
2026-03-14T21:00,32.3,43,18.2,0.00,986.8,3.4,238.0
2026-03-14T22:00,29.3,52,18.4,0.00,986.9,7.6,56.0
2026-03-14T23:00,27.7,51,16.6,0.00,987.0,10.5,0.0
2026-03-15T00:00,26.5,52,15.8,0.00,988.0,10.0,0.0
2026-03-15T01:00,26.9,47,14.4,0.00,988.2,10.9,0.0
2026-03-15T02:00,26.0,49,14.6,0.00,988.1,11.2,0.0
2026-03-15T03:00,25.0,60,16.6,0.00,987.9,9.0,0.0
2026-03-15T04:00,24.1,68,17.9,0.00,987.9,7.6,0.0
2026-03-15T05:00,23.6,71,18.1,0.00,987.7,7.7,0.0
2026-03-15T06:00,23.5,65,16.6,0.00,986.3,10.2,0.0
2026-03-15T07:00,22.9,65,16.0,0.00,985.8,10.3,0.0
2026-03-15T08:00,22.0,68,15.9,0.00,986.3,9.2,0.0
2026-03-15T09:00,21.9,68,15.8,0.00,986.5,10.1,0.0
2026-03-15T10:00,22.0,68,15.8,0.00,987.3,10.6,0.0
2026-03-15T11:00,23.2,68,16.9,0.00,988.3,11.2,22.0
2026-03-15T12:00,26.0,60,17.6,0.00,988.4,11.5,106.0
2026-03-15T13:00,28.0,56,18.5,0.00,989.2,10.5,388.0
2026-03-15T14:00,29.6,49,17.8,0.00,989.7,12.8,362.0
2026-03-15T15:00,29.8,49,18.0,0.00,989.7,12.4,80.0
2026-03-15T16:00,30.7,47,18.0,0.00,989.3,14.7,267.0
2026-03-15T17:00,30.8,47,18.1,0.00,988.8,14.3,226.0
2026-03-15T18:00,31.4,46,18.4,0.00,987.7,11.1,213.0
2026-03-15T19:00,31.3,47,18.6,0.00,987.1,10.4,267.0
2026-03-15T20:00,31.1,47,18.3,0.00,987.0,6.9,122.0
2026-03-15T21:00,29.4,60,20.9,0.00,987.2,3.5,1.0
2026-03-15T22:00,28.0,61,19.9,0.00,987.1,5.0,4.0
2026-03-15T23:00,27.2,62,19.4,0.00,987.6,5.6,0.0
2026-03-16T00:00,27.1,63,19.6,0.00,988.0,5.4,0.0
2026-03-16T01:00,26.5,68,20.1,0.00,987.7,3.8,0.0
2026-03-16T02:00,26.2,69,20.1,0.00,988.0,7.2,0.0
2026-03-16T03:00,25.8,77,21.4,0.00,988.1,1.4,0.0
2026-03-16T04:00,25.4,76,20.8,0.00,987.6,3.7,0.0
2026-03-16T05:00,25.1,76,20.6,0.00,987.2,5.9,0.0
2026-03-16T06:00,24.8,77,20.5,0.00,987.2,7.6,0.0
2026-03-16T07:00,22.0,97,21.5,3.40,988.4,14.7,0.0
2026-03-16T08:00,22.2,96,21.6,5.30,988.8,15.1,0.0
2026-03-16T09:00,22.1,96,21.4,5.20,988.5,12.1,0.0
2026-03-16T10:00,21.9,97,21.4,2.60,988.8,13.5,0.0
2026-03-16T11:00,22.0,98,21.6,0.70,989.5,11.9,0.0
2026-03-16T12:00,22.7,94,21.6,0.20,990.3,13.7,0.0
2026-03-16T13:00,23.8,89,21.8,0.00,990.8,14.7,11.0
2026-03-16T14:00,24.6,84,21.8,0.40,990.9,17.2,28.0
2026-03-16T15:00,24.5,88,22.3,0.90,991.0,16.8,20.0
2026-03-16T16:00,24.4,87,22.1,0.70,990.4,16.4,15.0
2026-03-16T17:00,23.5,96,22.7,1.10,989.5,16.7,11.0
2026-03-16T18:00,22.6,95,21.8,2.40,988.8,16.7,4.0
2026-03-16T19:00,22.6,96,22.0,1.30,987.9,15.3,19.0
2026-03-16T20:00,23.1,92,21.9,0.50,987.2,15.0,16.0
2026-03-16T21:00,23.2,94,22.1,0.20,987.3,13.8,17.0
2026-03-16T22:00,22.9,96,22.1,0.00,987.2,16.1,0.0
2026-03-16T23:00,22.8,96,22.1,0.00,987.7,15.2,0.0
2026-03-17T00:00,22.5,97,22.0,0.10,987.6,17.4,0.0
2026-03-17T01:00,22.6,97,22.1,0.10,987.6,14.3,0.0
2026-03-17T02:00,22.9,96,22.3,0.10,987.9,16.9,0.0
2026-03-17T03:00,22.6,97,22.1,0.60,988.0,18.6,0.0
2026-03-17T04:00,22.4,97,21.9,0.70,987.5,21.6,0.0
2026-03-17T05:00,22.1,97,21.6,12.30,987.3,20.1,0.0
2026-03-17T06:00,21.6,97,21.2,8.20,987.6,21.0,0.0
2026-03-17T07:00,21.7,96,21.0,1.10,987.6,17.1,0.0
2026-03-17T08:00,21.6,96,21.0,0.10,987.5,18.3,0.0
2026-03-17T09:00,21.5,96,21.0,0.00,987.6,17.2,0.0
2026-03-17T10:00,21.4,97,20.9,0.00,988.1,16.5,0.0
2026-03-17T11:00,22.0,96,21.3,0.20,988.7,19.3,32.0
2026-03-17T12:00,23.3,93,22.1,0.00,989.4,20.2,100.0
2026-03-17T13:00,24.3,91,22.7,0.70,989.4,18.0,154.0
2026-03-17T14:00,25.3,85,22.5,0.30,989.2,17.3,131.0
2026-03-17T15:00,27.1,76,22.5,0.10,989.0,18.2,192.0
2026-03-17T16:00,27.6,75,22.7,0.10,988.4,18.0,125.0
2026-03-17T17:00,28.5,74,23.5,0.10,987.7,18.2,445.0
2026-03-17T18:00,28.0,75,23.1,0.00,987.9,15.5,547.0
2026-03-17T19:00,28.5,73,23.1,0.10,987.3,10.0,468.0
2026-03-17T20:00,28.6,72,23.1,0.00,986.9,5.7,410.0
2026-03-17T21:00,28.4,73,23.0,0.00,987.3,5.9,205.0
2026-03-17T22:00,26.8,81,23.3,0.00,987.6,5.0,37.0
2026-03-17T23:00,25.8,85,23.0,0.00,988.3,5.9,0.0
2026-03-18T00:00,25.7,86,23.1,0.00,989.3,7.7,0.0
2026-03-18T01:00,25.2,88,23.0,0.00,990.3,11.2,0.0
2026-03-18T02:00,24.7,91,23.1,0.00,990.5,9.7,0.0
2026-03-18T03:00,24.1,93,23.0,0.00,990.4,12.1,0.0
2026-03-18T04:00,23.5,92,22.1,0.00,990.8,7.7,0.0
2026-03-18T05:00,23.2,94,22.1,0.00,990.2,6.0,0.0
2026-03-18T06:00,23.4,92,22.0,0.10,989.9,1.4,0.0
2026-03-18T07:00,22.9,94,21.9,0.00,990.1,3.3,0.0
2026-03-18T08:00,22.5,96,21.8,0.00,990.1,4.3,0.0
2026-03-18T09:00,22.5,96,21.9,0.00,990.6,5.4,0.0
2026-03-18T10:00,22.4,97,21.9,0.00,991.5,8.6,0.0
2026-03-18T11:00,23.5,95,22.6,0.00,992.1,7.7,56.0
2026-03-18T12:00,25.1,92,23.8,0.00,991.9,7.8,229.0
2026-03-18T13:00,27.0,84,24.1,0.00,991.7,7.9,445.0
2026-03-18T14:00,28.5,76,23.9,0.00,991.9,7.2,616.0
2026-03-18T15:00,29.6,67,22.7,0.00,992.0,6.4,738.0
2026-03-18T16:00,30.2,62,22.2,0.10,991.7,5.2,693.0
2026-03-18T17:00,30.6,62,22.5,0.00,991.2,5.5,651.0
2026-03-18T18:00,29.4,69,23.1,0.20,990.4,10.4,676.0
2026-03-18T19:00,29.0,69,22.8,0.60,990.0,12.5,299.0
2026-03-18T20:00,27.9,78,23.6,0.10,989.7,10.8,179.0
2026-03-18T21:00,28.2,76,23.5,0.00,989.4,11.6,128.0
2026-03-18T22:00,26.8,81,23.1,0.00,990.1,9.5,34.0
2026-03-18T23:00,26.1,82,22.8,0.00,990.3,14.1,0.0
2026-03-19T00:00,25.6,78,21.5,0.00,990.6,19.4,0.0
2026-03-19T01:00,24.8,79,20.9,0.00,991.5,16.5,0.0
2026-03-19T02:00,24.2,79,20.4,0.00,991.6,14.6,0.0
2026-03-19T03:00,23.5,82,20.2,0.00,991.6,13.2,0.0
2026-03-19T04:00,23.1,84,20.2,0.00,991.3,12.6,0.0
2026-03-19T05:00,22.8,86,20.2,0.00,990.7,13.3,0.0
2026-03-19T06:00,22.3,87,20.0,0.00,990.1,11.3,0.0
2026-03-19T07:00,21.7,90,20.0,0.00,989.4,9.8,0.0
2026-03-19T08:00,21.4,93,20.1,0.00,988.9,10.1,0.0
2026-03-19T09:00,21.2,93,20.1,0.00,988.8,10.2,0.0
2026-03-19T10:00,21.1,95,20.2,0.00,989.4,9.3,0.0
2026-03-19T11:00,22.5,92,21.1,0.00,989.9,9.5,63.0
2026-03-19T12:00,24.2,88,22.2,0.00,990.3,10.2,247.0
2026-03-19T13:00,25.9,84,23.0,0.00,990.8,8.8,451.0
2026-03-19T14:00,27.4,80,23.6,0.00,990.7,5.8,631.0
2026-03-19T15:00,29.0,72,23.3,0.00,990.5,3.4,734.0
2026-03-19T16:00,29.5,68,23.1,0.10,989.7,1.1,539.0
2026-03-19T17:00,30.0,65,22.7,0.10,989.1,2.9,658.0
2026-03-19T18:00,30.8,62,22.8,0.00,988.1,5.0,618.0
2026-03-19T19:00,31.0,61,22.6,0.00,987.2,5.2,555.0
2026-03-19T20:00,30.6,62,22.5,0.00,986.5,8.0,384.0
2026-03-19T21:00,29.5,71,23.7,0.00,986.3,7.9,199.0
2026-03-19T22:00,27.5,77,23.0,0.00,986.3,7.6,42.0
2026-03-19T23:00,26.0,81,22.4,0.00,986.4,5.9,0.0
2026-03-20T00:00,25.7,78,21.5,0.00,986.8,6.3,0.0
2026-03-20T01:00,25.6,77,21.2,0.00,987.1,6.2,0.0
2026-03-20T02:00,25.3,77,21.0,0.00,987.5,7.5,0.0
2026-03-20T03:00,25.2,78,21.0,0.00,987.7,8.7,0.0
2026-03-20T04:00,24.9,79,21.0,0.00,987.6,9.3,0.0
2026-03-20T05:00,24.5,80,20.9,0.00,987.5,9.8,0.0
2026-03-20T06:00,24.2,80,20.5,0.00,987.3,10.6,0.0
2026-03-20T07:00,23.5,83,20.5,0.00,986.9,9.7,0.0
2026-03-20T08:00,23.1,85,20.4,0.00,986.9,9.7,0.0
2026-03-20T09:00,22.8,86,20.2,0.00,987.1,9.8,0.0
2026-03-20T10:00,22.5,86,20.0,0.00,987.5,9.4,0.0
2026-03-20T11:00,23.8,84,20.9,0.00,988.2,11.0,63.0
2026-03-20T12:00,26.2,77,21.9,0.00,988.9,10.3,247.0
2026-03-20T13:00,28.2,71,22.5,0.00,989.3,9.8,453.0
2026-03-20T14:00,29.9,67,23.0,0.00,989.1,10.2,629.0
2026-03-20T15:00,31.4,62,23.2,0.00,988.6,10.5,754.0
2026-03-20T16:00,32.5,57,22.9,0.00,987.9,12.0,815.0
2026-03-20T17:00,32.8,52,21.6,0.00,987.1,13.6,698.0
2026-03-20T18:00,33.5,48,21.1,0.00,986.2,10.9,626.0
2026-03-20T19:00,33.0,50,21.2,0.00,985.3,11.6,510.0
2026-03-20T20:00,32.3,56,22.4,0.00,985.1,10.0,361.0
2026-03-20T21:00,30.9,66,23.8,0.00,984.6,6.8,185.0
2026-03-20T22:00,28.6,75,23.8,0.00,984.4,5.2,36.0
2026-03-20T23:00,27.5,77,23.0,0.00,984.8,6.5,0.0
2026-03-21T00:00,28.2,68,21.9,0.00,985.1,11.2,0.0
2026-03-21T01:00,28.3,69,22.0,0.00,985.7,10.7,0.0
2026-03-21T02:00,27.8,71,22.1,0.00,986.0,11.4,0.0
2026-03-21T03:00,27.2,73,22.0,0.00,986.1,11.8,0.0
2026-03-21T04:00,26.6,77,22.2,0.00,986.0,12.4,0.0
2026-03-21T05:00,26.1,80,22.4,0.00,985.9,11.7,0.0
2026-03-21T06:00,26.0,82,22.6,0.00,985.4,12.5,0.0
2026-03-21T07:00,25.9,82,22.5,0.00,985.3,12.4,0.0
2026-03-21T08:00,25.5,85,22.8,0.00,985.3,13.5,0.0
2026-03-21T09:00,25.4,84,22.4,0.00,985.7,11.5,0.0
2026-03-21T10:00,25.2,82,22.0,0.00,986.2,11.5,0.0
2026-03-21T11:00,26.1,81,22.6,0.00,987.1,13.3,58.0
2026-03-21T12:00,27.3,81,23.6,0.00,987.6,14.4,231.0
2026-03-21T13:00,29.6,74,24.5,0.00,987.9,18.6,405.0
2026-03-21T14:00,30.9,68,24.2,0.00,988.4,21.2,608.0
2026-03-21T15:00,30.7,69,24.4,0.70,988.2,20.7,726.0
2026-03-21T16:00,30.7,67,24.0,0.00,987.5,20.0,443.0
2026-03-21T17:00,30.5,70,24.4,0.60,986.8,24.0,603.0
2026-03-21T18:00,32.0,60,23.2,0.00,986.2,20.9,310.0
2026-03-21T19:00,31.1,63,23.2,0.00,986.2,15.9,301.0
2026-03-21T20:00,29.0,74,23.8,1.50,986.7,14.9,120.0
2026-03-21T21:00,24.6,92,23.3,5.60,987.2,10.9,0.0
2026-03-21T22:00,24.3,95,23.5,0.10,988.2,13.8,0.0
2026-03-21T23:00,24.0,96,23.5,0.00,988.6,11.8,0.0
